"case_number","cfs_record_count","first_call_start","last_call_start","final_tru_type"
"260028905",,"2026-07-01T02:28:43.000","2026-07-01T02:28:43.000","STLVEHT - TRS STOLEN VEHICLE - TELEPHONE REPORTING UNIT"
"260028910",,"2026-07-01T06:17:26.000","2026-07-01T06:17:26.000","THEFTT - TRS THEFT/LARCENY - TELEPHONE REPORTING UNIT"
"260028913",,"2026-07-01T06:21:00.000","2026-07-01T06:21:00.000","THEFTT - TRS THEFT/LARCENY - TELEPHONE REPORTING UNIT"
"260028915",,"2026-07-01T07:02:31.000","2026-07-01T07:02:31.000","VANDALISM, DAMAGE, MISCHIEF-TRS - TELEPHONE REPORTING UNIT"
"260028916",,"2026-07-01T07:28:12.000","2026-07-01T07:28:12.000","THEFTT - TRS THEFT/LARCENY - TELEPHONE REPORTING UNIT"
"260028923",,"2026-07-01T09:08:20.000","2026-07-01T09:08:20.000","THEFTT - TRS THEFT/LARCENY - TELEPHONE REPORTING UNIT"
"260028926",,"2026-07-01T09:20:44.000","2026-07-01T09:20:44.000","VANDALISM, DAMAGE, MISCHIEF-TRS - TELEPHONE REPORTING UNIT"
"260028932",,"2026-07-01T09:16:30.000","2026-07-01T09:16:30.000","THEFTT - TRS THEFT/LARCENY - TELEPHONE REPORTING UNIT"
"260028939",,"2026-07-01T10:20:27.000","2026-07-01T10:20:27.000","STLVEHT - TRS STOLEN VEHICLE - TELEPHONE REPORTING UNIT"
"260028948",,"2026-07-01T11:02:56.000","2026-07-01T11:02:56.000","THEFTT - TRS THEFT/LARCENY - TELEPHONE REPORTING UNIT"
"260028958",,"2026-07-01T12:09:27.000","2026-07-01T12:09:27.000","LOSTT-TRS ADMIN (DOCUMENT, LOST OR FOUND PROP, MESSAGES - TELEPHONE REPORTING UNIT"
"260028959",,"2026-07-01T10:45:39.000","2026-07-01T10:45:39.000","THEFTT - TRS THEFT/LARCENY - TELEPHONE REPORTING UNIT"
"260028960",,"2026-07-01T11:06:00.000","2026-07-01T11:06:00.000","FRAUDT-TRS FRAUD / DECEPTION - TELEPHONE REPORTING UNIT"
"260028964",,"2026-07-01T10:41:26.000","2026-07-01T10:41:26.000","LOSTT-TRS ADMIN (DOCUMENT, LOST OR FOUND PROP, MESSAGES - TELEPHONE REPORTING UNIT"
"260028966",,"2026-07-01T11:20:39.000","2026-07-01T11:20:39.000","STLVEHT - TRS STOLEN VEHICLE - TELEPHONE REPORTING UNIT"
"260028968",,"2026-07-01T12:27:35.000","2026-07-01T12:27:35.000","THEFTT - TRS THEFT/LARCENY - TELEPHONE REPORTING UNIT"
"260028969",,"2026-07-01T12:15:24.000","2026-07-01T12:15:24.000","VANDALISM, DAMAGE, MISCHIEF-TRS - TELEPHONE REPORTING UNIT"
"260028970",,"2026-07-01T12:59:48.000","2026-07-01T12:59:48.000","THEFTT - TRS THEFT/LARCENY - TELEPHONE REPORTING UNIT"
"260028975",,"2026-07-01T12:50:55.000","2026-07-01T12:50:55.000","THEFTT - TRS THEFT/LARCENY - TELEPHONE REPORTING UNIT"
"260028978",,"2026-07-01T12:53:51.000","2026-07-01T12:53:51.000","THEFTT - TRS THEFT/LARCENY - TELEPHONE REPORTING UNIT"
"260028980",,"2026-07-01T14:28:10.000","2026-07-01T14:28:10.000","THEFTT - TRS THEFT/LARCENY - TELEPHONE REPORTING UNIT"
"260028991",,"2026-07-01T15:47:09.000","2026-07-01T15:47:09.000","THEFTFAT - TRS / SUPPLEMENTAL INFORMATION - TELEPHONE REPORTING UNIT"
"260029001",,"2026-07-01T15:07:05.000","2026-07-01T15:07:05.000","FRAUDT-TRS FRAUD / DECEPTION - TELEPHONE REPORTING UNIT"
"260029008",,"2026-07-01T14:41:20.000","2026-07-01T14:41:20.000","FRAUDT-TRS FRAUD / DECEPTION - TELEPHONE REPORTING UNIT"
"260029027",,"2026-07-01T15:48:39.000","2026-07-01T15:48:39.000","FRAUDT-TRS FRAUD / DECEPTION - TELEPHONE REPORTING UNIT"
"260029078",,"2026-07-02T04:48:12.000","2026-07-02T04:48:12.000","VANDALISM, DAMAGE, MISCHIEF-TRS - TELEPHONE REPORTING UNIT"
"260029081",,"2026-07-02T05:45:47.000","2026-07-02T05:45:47.000","THEFTT - TRS THEFT/LARCENY - TELEPHONE REPORTING UNIT"
"260029082",,"2026-07-02T06:27:52.000","2026-07-02T06:27:52.000","THEFTT - TRS THEFT/LARCENY - TELEPHONE REPORTING UNIT"
"260029083",,"2026-07-02T06:34:33.000","2026-07-02T06:34:33.000","THEFTT - TRS THEFT/LARCENY - TELEPHONE REPORTING UNIT"
"260029084",,"2026-07-02T05:58:45.000","2026-07-02T05:58:45.000","THEFTT - TRS THEFT/LARCENY - TELEPHONE REPORTING UNIT"
"260029088",,"2026-07-02T06:59:27.000","2026-07-02T06:59:27.000","STLVEHT - TRS STOLEN VEHICLE - TELEPHONE REPORTING UNIT"
"260029089",,"2026-07-02T06:48:41.000","2026-07-02T06:48:41.000","THEFTT - TRS THEFT/LARCENY - TELEPHONE REPORTING UNIT"
"260029093",,"2026-07-02T07:27:14.000","2026-07-02T07:27:14.000","THEFTT - TRS THEFT/LARCENY - TELEPHONE REPORTING UNIT"
"260029094",,"2026-07-02T07:22:00.000","2026-07-02T07:22:00.000","THEFTT - TRS THEFT/LARCENY - TELEPHONE REPORTING UNIT"
"260029096",,"2026-07-02T07:04:28.000","2026-07-02T07:04:28.000","THEFTT - TRS THEFT/LARCENY - TELEPHONE REPORTING UNIT"
"260029099",,"2026-07-02T07:41:41.000","2026-07-02T07:41:41.000","THEFTT - TRS THEFT/LARCENY - TELEPHONE REPORTING UNIT"
"260029100",,"2026-07-02T08:29:41.000","2026-07-02T08:29:41.000","THEFTT - TRS THEFT/LARCENY - TELEPHONE REPORTING UNIT"
"260029101",,"2026-07-02T07:58:16.000","2026-07-02T07:58:16.000","THEFTT - TRS THEFT/LARCENY - TELEPHONE REPORTING UNIT"
"260029104",,"2026-07-02T07:19:56.000","2026-07-02T07:19:56.000","THEFTT - TRS THEFT/LARCENY - TELEPHONE REPORTING UNIT"
"260029106",,"2026-07-02T08:56:05.000","2026-07-02T08:56:05.000","THEFTT - TRS THEFT/LARCENY - TELEPHONE REPORTING UNIT"
"260029116",,"2026-07-02T09:48:49.000","2026-07-02T09:48:49.000","FRAUDT-TRS FRAUD / DECEPTION - TELEPHONE REPORTING UNIT"
"260029117",,"2026-07-02T09:46:04.000","2026-07-02T09:46:04.000","THEFTT - TRS THEFT/LARCENY - TELEPHONE REPORTING UNIT"
"260029124",,"2026-07-02T09:55:31.000","2026-07-02T09:55:31.000","LOSTT-TRS ADMIN (DOCUMENT, LOST OR FOUND PROP, MESSAGES - TELEPHONE REPORTING UNIT"
"260029129",,"2026-07-02T11:40:29.000","2026-07-02T11:40:29.000","LOSTT-TRS ADMIN (DOCUMENT, LOST OR FOUND PROP, MESSAGES - TELEPHONE REPORTING UNIT"
"260029146",,"2026-07-02T12:43:20.000","2026-07-02T12:43:20.000","THEFTT - TRS THEFT/LARCENY - TELEPHONE REPORTING UNIT"
"260029152",,"2026-07-02T11:57:49.000","2026-07-02T11:57:49.000","FRAUDT-TRS FRAUD / DECEPTION - TELEPHONE REPORTING UNIT"
"260029159",,"2026-07-02T12:37:28.000","2026-07-02T12:37:28.000","THEFTT - TRS THEFT/LARCENY - TELEPHONE REPORTING UNIT"
"260029168",,"2026-07-02T15:31:31.000","2026-07-02T15:31:31.000","LOSTT-TRS ADMIN (DOCUMENT, LOST OR FOUND PROP, MESSAGES - TELEPHONE REPORTING UNIT"
"260029172",,"2026-07-02T15:33:28.000","2026-07-02T15:33:28.000","THEFTT - TRS THEFT/LARCENY - TELEPHONE REPORTING UNIT"
"260029185",,"2026-07-02T16:27:19.000","2026-07-02T16:27:19.000","THEFTT - TRS THEFT/LARCENY - TELEPHONE REPORTING UNIT"
"260029199",,"2026-07-02T17:31:49.000","2026-07-02T17:31:49.000","VANDALISM, DAMAGE, MISCHIEF-TRS - TELEPHONE REPORTING UNIT"
"260029224",,"2026-07-02T18:35:12.000","2026-07-02T18:35:12.000","THEFTT - TRS THEFT/LARCENY - TELEPHONE REPORTING UNIT"
"260029225",,"2026-07-02T20:57:36.000","2026-07-02T20:57:36.000","THEFTT - TRS THEFT/LARCENY - TELEPHONE REPORTING UNIT"
"260029249",,"2026-07-03T05:23:10.000","2026-07-03T05:23:10.000","STLVEHT - TRS STOLEN VEHICLE - TELEPHONE REPORTING UNIT"
"260029250",,"2026-07-03T06:08:06.000","2026-07-03T06:08:06.000","THEFTT - TRS THEFT/LARCENY - TELEPHONE REPORTING UNIT"
"260029252",,"2026-07-03T07:21:51.000","2026-07-03T07:21:51.000","STLVEHT - TRS STOLEN VEHICLE - TELEPHONE REPORTING UNIT"
"260029253",,"2026-07-03T07:28:41.000","2026-07-03T07:28:41.000","THEFTT - TRS THEFT/LARCENY - TELEPHONE REPORTING UNIT"
"260029257",,"2026-07-03T08:10:46.000","2026-07-03T08:10:46.000","STLVEHT - TRS STOLEN VEHICLE - TELEPHONE REPORTING UNIT"
"260029266",,"2026-07-03T08:13:17.000","2026-07-03T08:13:17.000","LOSTT-TRS ADMIN (DOCUMENT, LOST OR FOUND PROP, MESSAGES - TELEPHONE REPORTING UNIT"
"260029273",,"2026-07-03T10:00:58.000","2026-07-03T10:00:58.000","THEFTT - TRS THEFT/LARCENY - TELEPHONE REPORTING UNIT"
"260029274",,"2026-07-03T09:43:51.000","2026-07-03T09:43:51.000","THEFTT - TRS THEFT/LARCENY - TELEPHONE REPORTING UNIT"
"260029276",,"2026-07-03T10:19:28.000","2026-07-03T10:19:28.000","STLVEHT - TRS STOLEN VEHICLE - TELEPHONE REPORTING UNIT"
"260029279",,"2026-07-03T10:29:04.000","2026-07-03T10:29:04.000","VANDALISM, DAMAGE, MISCHIEF-TRS - TELEPHONE REPORTING UNIT"
"260029281",,"2026-07-03T10:42:31.000","2026-07-03T10:42:31.000","THEFTT - TRS THEFT/LARCENY - TELEPHONE REPORTING UNIT"
"260029284",,"2026-07-03T10:48:20.000","2026-07-03T10:48:20.000","FRAUDT-TRS FRAUD / DECEPTION - TELEPHONE REPORTING UNIT"
"260029288",,"2026-07-03T11:29:08.000","2026-07-03T11:29:08.000","STLVEHT - TRS STOLEN VEHICLE - TELEPHONE REPORTING UNIT"
"260029289",,"2026-07-03T11:49:32.000","2026-07-03T11:49:32.000","LOSTT-TRS ADMIN (DOCUMENT, LOST OR FOUND PROP, MESSAGES - TELEPHONE REPORTING UNIT"
"260029294",,"2026-07-03T11:59:28.000","2026-07-03T11:59:28.000","FRAUDT-TRS FRAUD / DECEPTION - TELEPHONE REPORTING UNIT"
"260029298",,"2026-07-03T12:33:52.000","2026-07-03T12:33:52.000","STLVEHT - TRS STOLEN VEHICLE - TELEPHONE REPORTING UNIT"
"260029302",,"2026-07-03T12:32:18.000","2026-07-03T12:32:18.000","VANDALISM, DAMAGE, MISCHIEF-TRS - TELEPHONE REPORTING UNIT"
"260029305",,"2026-07-03T13:02:29.000","2026-07-03T13:02:29.000","STLVEHT - TRS STOLEN VEHICLE - TELEPHONE REPORTING UNIT"
"260029307",,"2026-07-03T13:44:51.000","2026-07-03T13:44:51.000","FRAUDT-TRS FRAUD / DECEPTION - TELEPHONE REPORTING UNIT"
"260029308",,"2026-07-03T12:37:03.000","2026-07-03T12:37:03.000","THEFTT - TRS THEFT/LARCENY - TELEPHONE REPORTING UNIT"
"260029315",,"2026-07-03T15:04:53.000","2026-07-03T15:04:53.000","VANDALISM, DAMAGE, MISCHIEF-TRS - TELEPHONE REPORTING UNIT"
"260029330",,"2026-07-03T16:07:49.000","2026-07-03T16:07:49.000","VANDALISM, DAMAGE, MISCHIEF-TRS - TELEPHONE REPORTING UNIT"
"260029332",,"2026-07-03T14:41:12.000","2026-07-03T14:41:12.000","THEFTT - TRS THEFT/LARCENY - TELEPHONE REPORTING UNIT"
"260029334",,"2026-07-03T17:08:35.000","2026-07-03T17:08:35.000","STLVEHT - TRS STOLEN VEHICLE - TELEPHONE REPORTING UNIT"
"260029345",,"2026-07-03T18:49:52.000","2026-07-03T18:49:52.000","THEFTT - TRS THEFT/LARCENY - TELEPHONE REPORTING UNIT"
"260029346",,"2026-07-03T19:06:42.000","2026-07-03T19:06:42.000","STLVEHT - TRS STOLEN VEHICLE - TELEPHONE REPORTING UNIT"
"260029356",,"2026-07-03T19:41:34.000","2026-07-03T19:41:34.000","FRAUDT-TRS FRAUD / DECEPTION - TELEPHONE REPORTING UNIT"
"260029363",,"2026-07-03T20:49:37.000","2026-07-03T20:49:37.000","STLVEHT - TRS STOLEN VEHICLE - TELEPHONE REPORTING UNIT"
"260029369",,"2026-07-03T20:41:47.000","2026-07-03T20:41:47.000","LOSTT-TRS ADMIN (DOCUMENT, LOST OR FOUND PROP, MESSAGES - TELEPHONE REPORTING UNIT"
"260029372",,"2026-07-03T22:19:20.000","2026-07-03T22:19:20.000","LOSTT-TRS ADMIN (DOCUMENT, LOST OR FOUND PROP, MESSAGES - TELEPHONE REPORTING UNIT"
"260029391",,"2026-07-03T23:45:18.000","2026-07-03T23:45:18.000","LOSTT-TRS ADMIN (DOCUMENT, LOST OR FOUND PROP, MESSAGES - TELEPHONE REPORTING UNIT"
"260029392",,"2026-07-03T20:26:39.000","2026-07-03T20:26:39.000","THEFTT - TRS THEFT/LARCENY - TELEPHONE REPORTING UNIT"
"260029410",,"2026-07-04T04:51:09.000","2026-07-04T04:51:09.000","STLVEHT - TRS STOLEN VEHICLE - TELEPHONE REPORTING UNIT"
"260029415",,"2026-07-04T09:32:41.000","2026-07-04T09:32:41.000","THEFTT - TRS THEFT/LARCENY - TELEPHONE REPORTING UNIT"
"260029424",,"2026-07-04T11:34:07.000","2026-07-04T11:34:07.000","THEFTT - TRS THEFT/LARCENY - TELEPHONE REPORTING UNIT"
"260029425",,"2026-07-04T11:56:11.000","2026-07-04T11:56:11.000","STLVEHT - TRS STOLEN VEHICLE - TELEPHONE REPORTING UNIT"
"260029426",,"2026-07-04T11:32:58.000","2026-07-04T11:32:58.000","LOSTT-TRS ADMIN (DOCUMENT, LOST OR FOUND PROP, MESSAGES - TELEPHONE REPORTING UNIT"
"260029430",,"2026-07-04T12:10:22.000","2026-07-04T12:10:22.000","VANDALISM, DAMAGE, MISCHIEF-TRS - TELEPHONE REPORTING UNIT"
"260029440",,"2026-07-04T13:28:46.000","2026-07-04T13:28:46.000","VANDALISM, DAMAGE, MISCHIEF-TRS - TELEPHONE REPORTING UNIT"
"260029453",,"2026-07-04T15:23:08.000","2026-07-04T15:23:08.000","THEFTT - TRS THEFT/LARCENY - TELEPHONE REPORTING UNIT"
"260029455",,"2026-07-04T14:48:07.000","2026-07-04T14:48:07.000","THEFTT - TRS THEFT/LARCENY - TELEPHONE REPORTING UNIT"
"260029456",,"2026-07-04T15:42:49.000","2026-07-04T15:42:49.000","VANDALISM, DAMAGE, MISCHIEF-TRS - TELEPHONE REPORTING UNIT"
"260029470",,"2026-07-04T19:06:15.000","2026-07-04T19:06:15.000","THEFTT - TRS THEFT/LARCENY - TELEPHONE REPORTING UNIT"
"260029484",,"2026-07-04T21:59:18.000","2026-07-04T21:59:18.000","LOSTT-TRS ADMIN (DOCUMENT, LOST OR FOUND PROP, MESSAGES - TELEPHONE REPORTING UNIT"
"260029493",,"2026-07-05T01:00:32.000","2026-07-05T01:00:32.000","STLVEHT - TRS STOLEN VEHICLE - TELEPHONE REPORTING UNIT"
"260029504",,"2026-07-05T02:19:32.000","2026-07-05T02:19:32.000","STLVEHT - TRS STOLEN VEHICLE - TELEPHONE REPORTING UNIT"
"260029509",,"2026-07-05T05:06:40.000","2026-07-05T05:06:40.000","THEFTT - TRS THEFT/LARCENY - TELEPHONE REPORTING UNIT"
"260029510",,"2026-07-05T05:34:47.000","2026-07-05T05:34:47.000","THEFTT - TRS THEFT/LARCENY - TELEPHONE REPORTING UNIT"
"260029521",,"2026-07-05T09:08:40.000","2026-07-05T09:08:40.000","VANDALISM, DAMAGE, MISCHIEF-TRS - TELEPHONE REPORTING UNIT"
"260029530",,"2026-07-05T10:24:05.000","2026-07-05T10:24:05.000","THEFTT - TRS THEFT/LARCENY - TELEPHONE REPORTING UNIT"
"260029532",,"2026-07-05T09:56:05.000","2026-07-05T09:56:05.000","LOSTT-TRS ADMIN (DOCUMENT, LOST OR FOUND PROP, MESSAGES - TELEPHONE REPORTING UNIT"
"260029542",,"2026-07-05T11:05:04.000","2026-07-05T11:05:04.000","STLVEHT - TRS STOLEN VEHICLE - TELEPHONE REPORTING UNIT"
"260029543",,"2026-07-05T12:21:40.000","2026-07-05T12:21:40.000","STLVEHT - TRS STOLEN VEHICLE - TELEPHONE REPORTING UNIT"
"260029547",,"2026-07-05T11:44:15.000","2026-07-05T11:44:15.000","FRAUDT-TRS FRAUD / DECEPTION - TELEPHONE REPORTING UNIT"
"260029549",,"2026-07-05T12:29:47.000","2026-07-05T12:29:47.000","THEFTT - TRS THEFT/LARCENY - TELEPHONE REPORTING UNIT"
"260029552",,"2026-07-05T12:36:29.000","2026-07-05T12:36:29.000","THEFTT - TRS THEFT/LARCENY - TELEPHONE REPORTING UNIT"
"260029555",,"2026-07-05T13:40:26.000","2026-07-05T13:40:26.000","FRAUDT-TRS FRAUD / DECEPTION - TELEPHONE REPORTING UNIT"
"260029556",,"2026-07-05T13:59:02.000","2026-07-05T13:59:02.000","STLVEHT - TRS STOLEN VEHICLE - TELEPHONE REPORTING UNIT"
"260029562",,"2026-07-05T14:57:52.000","2026-07-05T14:57:52.000","THEFTT - TRS THEFT/LARCENY - TELEPHONE REPORTING UNIT"
"260029578",,"2026-07-05T17:34:16.000","2026-07-05T17:34:16.000","THEFTT - TRS THEFT/LARCENY - TELEPHONE REPORTING UNIT"
"260029584",,"2026-07-05T17:58:14.000","2026-07-05T17:58:14.000","THEFTT - TRS THEFT/LARCENY - TELEPHONE REPORTING UNIT"
"260029590",,"2026-07-05T19:18:42.000","2026-07-05T19:18:42.000","THEFTT - TRS THEFT/LARCENY - TELEPHONE REPORTING UNIT"
"260029594",,"2026-07-05T19:50:50.000","2026-07-05T19:50:50.000","LOSTT-TRS ADMIN (DOCUMENT, LOST OR FOUND PROP, MESSAGES - TELEPHONE REPORTING UNIT"
"260029595",,"2026-07-05T19:46:52.000","2026-07-05T19:46:52.000","THEFTT - TRS THEFT/LARCENY - TELEPHONE REPORTING UNIT"
"260029616",,"2026-07-06T07:47:16.000","2026-07-06T07:47:16.000","THEFTT - TRS THEFT/LARCENY - TELEPHONE REPORTING UNIT"
"260029624",,"2026-07-06T09:56:28.000","2026-07-06T09:56:28.000","THEFTT - TRS THEFT/LARCENY - TELEPHONE REPORTING UNIT"
"260029625",,"2026-07-06T09:12:04.000","2026-07-06T09:12:04.000","THEFTT - TRS THEFT/LARCENY - TELEPHONE REPORTING UNIT"
"260029637",,"2026-07-06T10:19:32.000","2026-07-06T10:19:32.000","THEFTT - TRS THEFT/LARCENY - TELEPHONE REPORTING UNIT"
"260029648",,"2026-07-06T11:34:09.000","2026-07-06T11:34:09.000","THEFTT - TRS THEFT/LARCENY - TELEPHONE REPORTING UNIT"
"260029653",,"2026-07-06T11:54:38.000","2026-07-06T11:54:38.000","THEFTT - TRS THEFT/LARCENY - TELEPHONE REPORTING UNIT"
"260029657",,"2026-07-06T11:59:22.000","2026-07-06T11:59:22.000","THEFTT - TRS THEFT/LARCENY - TELEPHONE REPORTING UNIT"
"260029659",,"2026-07-06T11:39:26.000","2026-07-06T11:39:26.000","THEFTT - TRS THEFT/LARCENY - TELEPHONE REPORTING UNIT"
"260029672",,"2026-07-06T14:52:57.000","2026-07-06T14:52:57.000","VANDALISM, DAMAGE, MISCHIEF-TRS - TELEPHONE REPORTING UNIT"
"260029677",,"2026-07-06T14:37:44.000","2026-07-06T14:37:44.000","THEFTT - TRS THEFT/LARCENY - TELEPHONE REPORTING UNIT"
"260029685",,"2026-07-06T13:05:58.000","2026-07-06T13:05:58.000","FRAUDT-TRS FRAUD / DECEPTION - TELEPHONE REPORTING UNIT"
"260029715",,"2026-07-06T18:11:08.000","2026-07-06T18:11:08.000","THEFTT - TRS THEFT/LARCENY - TELEPHONE REPORTING UNIT"
"260029718",,"2026-07-06T18:11:01.000","2026-07-06T18:11:01.000","FRAUDT-TRS FRAUD / DECEPTION - TELEPHONE REPORTING UNIT"
"260029732",,"2026-07-06T21:39:53.000","2026-07-06T21:39:53.000","THEFTT - TRS THEFT/LARCENY - TELEPHONE REPORTING UNIT"
"260029745",,"2026-07-07T03:54:18.000","2026-07-07T03:54:18.000","THEFTT - TRS THEFT/LARCENY - TELEPHONE REPORTING UNIT"
"260029748",,"2026-07-07T05:46:43.000","2026-07-07T05:46:43.000","STLVEHT - TRS STOLEN VEHICLE - TELEPHONE REPORTING UNIT"
"260029751",,"2026-07-07T06:39:38.000","2026-07-07T06:39:38.000","THEFTT - TRS THEFT/LARCENY - TELEPHONE REPORTING UNIT"
"260029754",,"2026-07-07T07:05:24.000","2026-07-07T07:05:24.000","THEFTT - TRS THEFT/LARCENY - TELEPHONE REPORTING UNIT"
"260029773",,"2026-07-07T07:31:39.000","2026-07-07T07:31:39.000","LOSTT-TRS ADMIN (DOCUMENT, LOST OR FOUND PROP, MESSAGES - TELEPHONE REPORTING UNIT"
"260029777",,"2026-07-07T08:55:41.000","2026-07-07T08:55:41.000","STLVEHT - TRS STOLEN VEHICLE - TELEPHONE REPORTING UNIT"
"260029781",,"2026-07-07T09:08:39.000","2026-07-07T09:08:39.000","LOSTT-TRS ADMIN (DOCUMENT, LOST OR FOUND PROP, MESSAGES - TELEPHONE REPORTING UNIT"
"260029782",,"2026-07-07T09:14:20.000","2026-07-07T09:14:20.000","STLVEHT - TRS STOLEN VEHICLE - TELEPHONE REPORTING UNIT"
"260029785",,"2026-07-07T09:20:10.000","2026-07-07T09:20:10.000","VANDALISM, DAMAGE, MISCHIEF-TRS - TELEPHONE REPORTING UNIT"
"260029787",,"2026-07-07T09:57:20.000","2026-07-07T09:57:20.000","THEFTT - TRS THEFT/LARCENY - TELEPHONE REPORTING UNIT"
"260029790",,"2026-07-07T09:50:20.000","2026-07-07T09:50:20.000","FRAUDT-TRS FRAUD / DECEPTION - TELEPHONE REPORTING UNIT"
"260029794",,"2026-07-07T09:45:37.000","2026-07-07T09:45:37.000","FRAUDT-TRS FRAUD / DECEPTION - TELEPHONE REPORTING UNIT"
"260029798",,"2026-07-07T10:32:13.000","2026-07-07T10:32:13.000","THEFTT - TRS THEFT/LARCENY - TELEPHONE REPORTING UNIT"
"260029801",,"2026-07-07T11:19:58.000","2026-07-07T11:19:58.000","VANDALISM, DAMAGE, MISCHIEF-TRS - TELEPHONE REPORTING UNIT"
"260029808",,"2026-07-07T12:20:51.000","2026-07-07T12:20:51.000","FRAUDT-TRS FRAUD / DECEPTION - TELEPHONE REPORTING UNIT"
"260029811",,"2026-07-07T12:33:22.000","2026-07-07T12:33:22.000","FRAUDT-TRS FRAUD / DECEPTION - TELEPHONE REPORTING UNIT"
"260029815",,"2026-07-07T12:40:19.000","2026-07-07T12:40:19.000","FRAUDT-TRS FRAUD / DECEPTION - TELEPHONE REPORTING UNIT"
"260029838",,"2026-07-07T14:46:47.000","2026-07-07T14:46:47.000","FRAUDT-TRS FRAUD / DECEPTION - TELEPHONE REPORTING UNIT"
"260029840",,"2026-07-07T15:18:24.000","2026-07-07T15:18:24.000","STLVEHT - TRS STOLEN VEHICLE - TELEPHONE REPORTING UNIT"
"260029841",,"2026-07-07T15:09:04.000","2026-07-07T15:09:04.000","THEFTT - TRS THEFT/LARCENY - TELEPHONE REPORTING UNIT"
"260029848",,"2026-07-07T15:30:11.000","2026-07-07T15:30:11.000","THEFTT - TRS THEFT/LARCENY - TELEPHONE REPORTING UNIT"
"260029854",,"2026-07-07T15:45:25.000","2026-07-07T15:45:25.000","THEFTT - TRS THEFT/LARCENY - TELEPHONE REPORTING UNIT"
"260029861",,"2026-07-07T16:33:53.000","2026-07-07T16:33:53.000","VANDALISM, DAMAGE, MISCHIEF-TRS - TELEPHONE REPORTING UNIT"
"260029862",,"2026-07-07T16:25:58.000","2026-07-07T16:25:58.000","THEFTT - TRS THEFT/LARCENY - TELEPHONE REPORTING UNIT"
"260029865",,"2026-07-07T17:00:59.000","2026-07-07T17:00:59.000","LOSTT-TRS ADMIN (DOCUMENT, LOST OR FOUND PROP, MESSAGES - TELEPHONE REPORTING UNIT"
"260029870",,"2026-07-07T16:33:31.000","2026-07-07T16:33:31.000","THEFTT - TRS THEFT/LARCENY - TELEPHONE REPORTING UNIT"
"260029890",,"2026-07-07T20:10:14.000","2026-07-07T20:10:14.000","THEFTT - TRS THEFT/LARCENY - TELEPHONE REPORTING UNIT"
"260029902",,"2026-07-07T21:04:32.000","2026-07-07T21:04:32.000","THEFTT - TRS THEFT/LARCENY - TELEPHONE REPORTING UNIT"
"260029904",,"2026-07-07T21:36:45.000","2026-07-07T21:36:45.000","THEFTT - TRS THEFT/LARCENY - TELEPHONE REPORTING UNIT"
"260029905",,"2026-07-07T21:14:57.000","2026-07-07T21:14:57.000","THEFTT - TRS THEFT/LARCENY - TELEPHONE REPORTING UNIT"
"260029908",,"2026-07-07T18:58:29.000","2026-07-07T18:58:29.000","THEFTT - TRS THEFT/LARCENY - TELEPHONE REPORTING UNIT"
"260029910",,"2026-07-07T21:46:04.000","2026-07-07T21:46:04.000","THEFTT - TRS THEFT/LARCENY - TELEPHONE REPORTING UNIT"
"260029927",,"2026-07-08T06:51:37.000","2026-07-08T06:51:37.000","STLVEHT - TRS STOLEN VEHICLE - TELEPHONE REPORTING UNIT"
"260029931",,"2026-07-08T07:50:58.000","2026-07-08T07:50:58.000","THEFTT - TRS THEFT/LARCENY - TELEPHONE REPORTING UNIT"
"260029934",,"2026-07-08T07:41:10.000","2026-07-08T07:41:10.000","VANDALISM, DAMAGE, MISCHIEF-TRS - TELEPHONE REPORTING UNIT"
"260029936",,"2026-07-08T07:21:45.000","2026-07-08T07:21:45.000","THEFTT - TRS THEFT/LARCENY - TELEPHONE REPORTING UNIT"
"260029941",,"2026-07-08T07:57:59.000","2026-07-08T07:57:59.000","THEFTT - TRS THEFT/LARCENY - TELEPHONE REPORTING UNIT"
"260029947",,"2026-07-08T08:14:14.000","2026-07-08T08:14:14.000","THEFTT - TRS THEFT/LARCENY - TELEPHONE REPORTING UNIT"
"260029953",,"2026-07-08T09:56:48.000","2026-07-08T09:56:48.000","FRAUDT-TRS FRAUD / DECEPTION - TELEPHONE REPORTING UNIT"
"260029955",,"2026-07-08T08:12:58.000","2026-07-08T08:12:58.000","THEFTT - TRS THEFT/LARCENY - TELEPHONE REPORTING UNIT"
"260029959",,"2026-07-08T09:50:21.000","2026-07-08T09:50:21.000","LOSTT-TRS ADMIN (DOCUMENT, LOST OR FOUND PROP, MESSAGES - TELEPHONE REPORTING UNIT"
"260029962",,"2026-07-08T10:59:59.000","2026-07-08T10:59:59.000","THEFTT - TRS THEFT/LARCENY - TELEPHONE REPORTING UNIT"
"260029970",,"2026-07-08T10:17:16.000","2026-07-08T10:17:16.000","STLVEHT - TRS STOLEN VEHICLE - TELEPHONE REPORTING UNIT"
"260029973",,"2026-07-08T11:19:29.000","2026-07-08T11:19:29.000","THEFTT - TRS THEFT/LARCENY - TELEPHONE REPORTING UNIT"
"260029975",,"2026-07-08T10:55:05.000","2026-07-08T10:55:05.000","STLVEHT - TRS STOLEN VEHICLE - TELEPHONE REPORTING UNIT"
"260029976",,"2026-07-08T11:40:23.000","2026-07-08T11:40:23.000","LOSTT-TRS ADMIN (DOCUMENT, LOST OR FOUND PROP, MESSAGES - TELEPHONE REPORTING UNIT"
"260029982",,"2026-07-08T11:33:58.000","2026-07-08T11:33:58.000","FRAUDT-TRS FRAUD / DECEPTION - TELEPHONE REPORTING UNIT"
"260029983",,"2026-07-08T12:35:21.000","2026-07-08T12:35:21.000","THEFTT - TRS THEFT/LARCENY - TELEPHONE REPORTING UNIT"
"260029989",,"2026-07-08T13:26:32.000","2026-07-08T13:26:32.000","LOSTT-TRS ADMIN (DOCUMENT, LOST OR FOUND PROP, MESSAGES - TELEPHONE REPORTING UNIT"
"260030016",,"2026-07-08T15:46:27.000","2026-07-08T15:46:27.000","LOSTT-TRS ADMIN (DOCUMENT, LOST OR FOUND PROP, MESSAGES - TELEPHONE REPORTING UNIT"
"260030024",,"2026-07-08T13:26:44.000","2026-07-08T13:26:44.000","STLVEHT - TRS STOLEN VEHICLE - TELEPHONE REPORTING UNIT"
"260030030",,"2026-07-08T17:10:02.000","2026-07-08T17:10:02.000","STLVEHT - TRS STOLEN VEHICLE - TELEPHONE REPORTING UNIT"
"260030032",,"2026-07-08T17:13:56.000","2026-07-08T17:13:56.000","THEFTT - TRS THEFT/LARCENY - TELEPHONE REPORTING UNIT"
"260030036",,"2026-07-08T17:10:39.000","2026-07-08T17:10:39.000","LOSTT-TRS ADMIN (DOCUMENT, LOST OR FOUND PROP, MESSAGES - TELEPHONE REPORTING UNIT"
"260030040",,"2026-07-08T17:44:07.000","2026-07-08T17:44:07.000","THEFTT - TRS THEFT/LARCENY - TELEPHONE REPORTING UNIT"
"260030041",,"2026-07-08T17:33:48.000","2026-07-08T17:33:48.000","THEFTT - TRS THEFT/LARCENY - TELEPHONE REPORTING UNIT"
"260030052",,"2026-07-08T18:46:52.000","2026-07-08T18:46:52.000","THEFTT - TRS THEFT/LARCENY - TELEPHONE REPORTING UNIT"
"260030074",,"2026-07-08T21:41:04.000","2026-07-08T21:41:04.000","THEFTT - TRS THEFT/LARCENY - TELEPHONE REPORTING UNIT"
"260030085",,"2026-07-08T23:18:46.000","2026-07-08T23:18:46.000","THEFTT - TRS THEFT/LARCENY - TELEPHONE REPORTING UNIT"
"260030092",,"2026-07-09T05:55:42.000","2026-07-09T05:55:42.000","STLVEHT - TRS STOLEN VEHICLE - TELEPHONE REPORTING UNIT"
"260030093",,"2026-07-09T05:50:29.000","2026-07-09T05:50:29.000","STLVEHT - TRS STOLEN VEHICLE - TELEPHONE REPORTING UNIT"
"260030094",,"2026-07-09T07:06:48.000","2026-07-09T07:06:48.000","STLVEHT - TRS STOLEN VEHICLE - TELEPHONE REPORTING UNIT"
"260030096",,"2026-07-09T07:16:31.000","2026-07-09T07:16:31.000","THEFTT - TRS THEFT/LARCENY - TELEPHONE REPORTING UNIT"
"260030097",,"2026-07-09T07:21:46.000","2026-07-09T07:21:46.000","THEFTT - TRS THEFT/LARCENY - TELEPHONE REPORTING UNIT"
"260030101",,"2026-07-09T08:45:11.000","2026-07-09T08:45:11.000","THEFTT - TRS THEFT/LARCENY - TELEPHONE REPORTING UNIT"
"260030103",,"2026-07-09T08:14:42.000","2026-07-09T08:14:42.000","STLVEHT - TRS STOLEN VEHICLE - TELEPHONE REPORTING UNIT"
"260030104",,"2026-07-09T09:01:14.000","2026-07-09T09:01:14.000","THEFTT - TRS THEFT/LARCENY - TELEPHONE REPORTING UNIT"
"260030107",,"2026-07-09T09:56:22.000","2026-07-09T09:56:22.000","STLVEHT - TRS STOLEN VEHICLE - TELEPHONE REPORTING UNIT"
"260030111",,"2026-07-09T09:17:44.000","2026-07-09T09:17:44.000","THEFTT - TRS THEFT/LARCENY - TELEPHONE REPORTING UNIT"
"260030115",,"2026-07-09T09:32:30.000","2026-07-09T09:32:30.000","THEFTT - TRS THEFT/LARCENY - TELEPHONE REPORTING UNIT"
"260030120",,"2026-07-09T10:17:40.000","2026-07-09T10:17:40.000","THEFTT - TRS THEFT/LARCENY - TELEPHONE REPORTING UNIT"
"260030121",,"2026-07-09T10:44:04.000","2026-07-09T10:44:04.000","STLVEHT - TRS STOLEN VEHICLE - TELEPHONE REPORTING UNIT"
"260030122",,"2026-07-09T10:45:17.000","2026-07-09T10:45:17.000","STLVEHT - TRS STOLEN VEHICLE - TELEPHONE REPORTING UNIT"
"260030127",,"2026-07-09T10:33:55.000","2026-07-09T10:33:55.000","THEFTT - TRS THEFT/LARCENY - TELEPHONE REPORTING UNIT"
"260030129",,"2026-07-09T11:36:46.000","2026-07-09T11:36:46.000","LOSTT-TRS ADMIN (DOCUMENT, LOST OR FOUND PROP, MESSAGES - TELEPHONE REPORTING UNIT"
"260030136",,"2026-07-09T10:57:33.000","2026-07-09T10:57:33.000","FRAUDT-TRS FRAUD / DECEPTION - TELEPHONE REPORTING UNIT"
"260030146",,"2026-07-09T12:40:19.000","2026-07-09T12:40:19.000","THEFTT - TRS THEFT/LARCENY - TELEPHONE REPORTING UNIT"
"260030148",,"2026-07-09T13:15:09.000","2026-07-09T13:15:09.000","THEFTT - TRS THEFT/LARCENY - TELEPHONE REPORTING UNIT"
"260030159",,"2026-07-09T13:36:27.000","2026-07-09T13:36:27.000","LOSTT-TRS ADMIN (DOCUMENT, LOST OR FOUND PROP, MESSAGES - TELEPHONE REPORTING UNIT"
"260030185",,"2026-07-09T15:44:51.000","2026-07-09T15:44:51.000","VANDALISM, DAMAGE, MISCHIEF-TRS - TELEPHONE REPORTING UNIT"
"260030199",,"2026-07-09T17:02:47.000","2026-07-09T17:02:47.000","THEFTT - TRS THEFT/LARCENY - TELEPHONE REPORTING UNIT"
"260030205",,"2026-07-09T14:33:36.000","2026-07-09T14:33:36.000","THEFTT - TRS THEFT/LARCENY - TELEPHONE REPORTING UNIT"
"260030210",,"2026-07-09T16:56:05.000","2026-07-09T16:56:05.000","THEFTT - TRS THEFT/LARCENY - TELEPHONE REPORTING UNIT"
"260030213",,"2026-07-09T17:12:49.000","2026-07-09T17:12:49.000","THEFTT - TRS THEFT/LARCENY - TELEPHONE REPORTING UNIT"
"260030226",,"2026-07-09T19:02:51.000","2026-07-09T19:02:51.000","THEFTT - TRS THEFT/LARCENY - TELEPHONE REPORTING UNIT"
"260030229",,"2026-07-09T19:17:04.000","2026-07-09T19:17:04.000","THEFTT - TRS THEFT/LARCENY - TELEPHONE REPORTING UNIT"
"260030238",,"2026-07-09T17:21:06.000","2026-07-09T17:21:06.000","THEFTT - TRS THEFT/LARCENY - TELEPHONE REPORTING UNIT"
"260030255",,"2026-07-10T06:25:02.000","2026-07-10T06:25:02.000","THEFTT - TRS THEFT/LARCENY - TELEPHONE REPORTING UNIT"
"260030256",,"2026-07-10T06:05:14.000","2026-07-10T06:05:14.000","THEFTT - TRS THEFT/LARCENY - TELEPHONE REPORTING UNIT"
"260030258",,"2026-07-10T06:46:01.000","2026-07-10T06:46:01.000","THEFTT - TRS THEFT/LARCENY - TELEPHONE REPORTING UNIT"
"260030261",,"2026-07-10T07:32:05.000","2026-07-10T07:32:05.000","THEFTT - TRS THEFT/LARCENY - TELEPHONE REPORTING UNIT"
"260030262",,"2026-07-10T07:39:54.000","2026-07-10T07:39:54.000","THEFTT - TRS THEFT/LARCENY - TELEPHONE REPORTING UNIT"
"260030266",,"2026-07-10T08:49:17.000","2026-07-10T08:49:17.000","THEFTT - TRS THEFT/LARCENY - TELEPHONE REPORTING UNIT"
"260030271",,"2026-07-10T08:55:55.000","2026-07-10T08:55:55.000","THEFTT - TRS THEFT/LARCENY - TELEPHONE REPORTING UNIT"
"260030272",,"2026-07-10T08:59:13.000","2026-07-10T08:59:13.000","THEFTT - TRS THEFT/LARCENY - TELEPHONE REPORTING UNIT"
"260030273",,"2026-07-10T08:57:27.000","2026-07-10T08:57:27.000","STLVEHT - TRS STOLEN VEHICLE - TELEPHONE REPORTING UNIT"
"260030291",,"2026-07-10T10:30:38.000","2026-07-10T10:30:38.000","STLVEHT - TRS STOLEN VEHICLE - TELEPHONE REPORTING UNIT"
"260030292",,"2026-07-10T10:55:30.000","2026-07-10T10:55:30.000","THEFTT - TRS THEFT/LARCENY - TELEPHONE REPORTING UNIT"
"260030293",,"2026-07-10T10:23:42.000","2026-07-10T10:23:42.000","FRAUDT-TRS FRAUD / DECEPTION - TELEPHONE REPORTING UNIT"
"260030295",,"2026-07-10T08:55:55.000","2026-07-10T08:55:55.000","FRAUDT-TRS FRAUD / DECEPTION - TELEPHONE REPORTING UNIT"
"260030304",,"2026-07-10T11:29:00.000","2026-07-10T11:29:00.000","THEFTT - TRS THEFT/LARCENY - TELEPHONE REPORTING UNIT"
"260030314",,"2026-07-10T10:54:07.000","2026-07-10T10:54:07.000","THEFTT - TRS THEFT/LARCENY - TELEPHONE REPORTING UNIT"
"260030327",,"2026-07-10T13:18:50.000","2026-07-10T13:18:50.000","THEFTT - TRS THEFT/LARCENY - TELEPHONE REPORTING UNIT"
"260030336",,"2026-07-10T11:07:33.000","2026-07-10T11:07:33.000","FRAUDT-TRS FRAUD / DECEPTION - TELEPHONE REPORTING UNIT"
"260030340",,"2026-07-10T13:25:40.000","2026-07-10T13:25:40.000","FRAUDT-TRS FRAUD / DECEPTION - TELEPHONE REPORTING UNIT"
"260030346",,"2026-07-10T14:44:57.000","2026-07-10T14:44:57.000","THEFTT - TRS THEFT/LARCENY - TELEPHONE REPORTING UNIT"
"260030349",,"2026-07-10T14:48:39.000","2026-07-10T14:48:39.000","FRAUDT-TRS FRAUD / DECEPTION - TELEPHONE REPORTING UNIT"
"260030354",,"2026-07-10T15:46:55.000","2026-07-10T15:46:55.000","STLVEHT - TRS STOLEN VEHICLE - TELEPHONE REPORTING UNIT"
"260030363",,"2026-07-10T14:52:23.000","2026-07-10T14:52:23.000","THEFTT - TRS THEFT/LARCENY - TELEPHONE REPORTING UNIT"
"260030365",,"2026-07-10T14:52:30.000","2026-07-10T14:52:30.000","THEFTT - TRS THEFT/LARCENY - TELEPHONE REPORTING UNIT"
"260030371",,"2026-07-10T16:22:12.000","2026-07-10T16:22:12.000","THEFTT - TRS THEFT/LARCENY - TELEPHONE REPORTING UNIT"
"260030383",,"2026-07-10T18:08:25.000","2026-07-10T18:08:25.000","STLVEHT - TRS STOLEN VEHICLE - TELEPHONE REPORTING UNIT"
"260030393",,"2026-07-10T16:07:56.000","2026-07-10T16:07:56.000","THEFTT - TRS THEFT/LARCENY - TELEPHONE REPORTING UNIT"
"260030402",,"2026-07-10T17:32:13.000","2026-07-10T17:32:13.000","THEFTT - TRS THEFT/LARCENY - TELEPHONE REPORTING UNIT"
"260030409",,"2026-07-10T17:56:59.000","2026-07-10T17:56:59.000","THEFTT - TRS THEFT/LARCENY - TELEPHONE REPORTING UNIT"
"260030410",,"2026-07-10T17:05:56.000","2026-07-10T17:05:56.000","FRAUDT-TRS FRAUD / DECEPTION - TELEPHONE REPORTING UNIT"
"260030412",,"2026-07-10T18:28:57.000","2026-07-10T18:28:57.000","FRAUDT-TRS FRAUD / DECEPTION - TELEPHONE REPORTING UNIT"
"260030414",,"2026-07-10T18:47:43.000","2026-07-10T18:47:43.000","THEFTT - TRS THEFT/LARCENY - TELEPHONE REPORTING UNIT"
"260030427",,"2026-07-11T00:05:08.000","2026-07-11T00:05:08.000","THEFTT - TRS THEFT/LARCENY - TELEPHONE REPORTING UNIT"
"260030442",,"2026-07-11T07:03:05.000","2026-07-11T07:03:05.000","STLVEHT - TRS STOLEN VEHICLE - TELEPHONE REPORTING UNIT"
"260030443",,"2026-07-11T07:46:51.000","2026-07-11T07:46:51.000","STLVEHT - TRS STOLEN VEHICLE - TELEPHONE REPORTING UNIT"
"260030447",,"2026-07-11T08:15:42.000","2026-07-11T08:15:42.000","THEFTT - TRS THEFT/LARCENY - TELEPHONE REPORTING UNIT"
"260030454",,"2026-07-11T09:20:31.000","2026-07-11T09:20:31.000","STLVEHT - TRS STOLEN VEHICLE - TELEPHONE REPORTING UNIT"
"260030469",,"2026-07-11T11:22:56.000","2026-07-11T11:22:56.000","VANDALISM, DAMAGE, MISCHIEF-TRS - TELEPHONE REPORTING UNIT"
"260030488",,"2026-07-11T13:44:03.000","2026-07-11T13:44:03.000","THEFTT - TRS THEFT/LARCENY - TELEPHONE REPORTING UNIT"
"260030499",,"2026-07-11T13:58:13.000","2026-07-11T13:58:13.000","THEFTT - TRS THEFT/LARCENY - TELEPHONE REPORTING UNIT"
"260030504",,"2026-07-11T16:10:38.000","2026-07-11T16:10:38.000","THEFTT - TRS THEFT/LARCENY - TELEPHONE REPORTING UNIT"
"260030506",,"2026-07-11T17:06:00.000","2026-07-11T17:06:00.000","THEFTT - TRS THEFT/LARCENY - TELEPHONE REPORTING UNIT"
"260030508",,"2026-07-11T15:28:12.000","2026-07-11T15:28:12.000","STLVEHT - TRS STOLEN VEHICLE - TELEPHONE REPORTING UNIT"
"260030511",,"2026-07-11T17:37:15.000","2026-07-11T17:37:15.000","THEFTT - TRS THEFT/LARCENY - TELEPHONE REPORTING UNIT"
"260030524",,"2026-07-11T15:06:40.000","2026-07-11T15:06:40.000","FRAUDT-TRS FRAUD / DECEPTION - TELEPHONE REPORTING UNIT"
"260030526",,"2026-07-11T19:21:13.000","2026-07-11T19:21:13.000","THEFTT - TRS THEFT/LARCENY - TELEPHONE REPORTING UNIT"
"260030527",,"2026-07-11T20:31:05.000","2026-07-11T20:31:05.000","THEFTT - TRS THEFT/LARCENY - TELEPHONE REPORTING UNIT"
"260030530",,"2026-07-11T20:33:28.000","2026-07-11T20:33:28.000","STLVEHT - TRS STOLEN VEHICLE - TELEPHONE REPORTING UNIT"
"260030534",,"2026-07-11T20:46:37.000","2026-07-11T20:46:37.000","FRAUDT-TRS FRAUD / DECEPTION - TELEPHONE REPORTING UNIT"
"260030559",,"2026-07-12T07:20:54.000","2026-07-12T07:20:54.000","VANDALISM, DAMAGE, MISCHIEF-TRS - TELEPHONE REPORTING UNIT"
"260030565",,"2026-07-12T08:23:06.000","2026-07-12T08:23:06.000","THEFTT - TRS THEFT/LARCENY - TELEPHONE REPORTING UNIT"
"260030566",,"2026-07-12T09:07:00.000","2026-07-12T09:07:00.000","THEFTT - TRS THEFT/LARCENY - TELEPHONE REPORTING UNIT"
"260030568",,"2026-07-12T09:47:51.000","2026-07-12T09:47:51.000","STLVEHT - TRS STOLEN VEHICLE - TELEPHONE REPORTING UNIT"
"260030572",,"2026-07-12T10:00:59.000","2026-07-12T10:00:59.000","STLVEHT - TRS STOLEN VEHICLE - TELEPHONE REPORTING UNIT"
"260030581",,"2026-07-12T08:40:34.000","2026-07-12T08:40:34.000","VANDALISM, DAMAGE, MISCHIEF-TRS - TELEPHONE REPORTING UNIT"
"260030587",,"2026-07-12T10:14:00.000","2026-07-12T10:14:00.000","THEFTT - TRS THEFT/LARCENY - TELEPHONE REPORTING UNIT"
"260030589",,"2026-07-12T11:42:21.000","2026-07-12T11:42:21.000","THEFTT - TRS THEFT/LARCENY - TELEPHONE REPORTING UNIT"
"260030590",,"2026-07-12T12:06:48.000","2026-07-12T12:06:48.000","THEFTT - TRS THEFT/LARCENY - TELEPHONE REPORTING UNIT"
"260030592",,"2026-07-12T12:06:43.000","2026-07-12T12:06:43.000","THEFTT - TRS THEFT/LARCENY - TELEPHONE REPORTING UNIT"
"260030595",,"2026-07-12T12:43:03.000","2026-07-12T12:43:03.000","THEFTT - TRS THEFT/LARCENY - TELEPHONE REPORTING UNIT"
"260030596",,"2026-07-12T13:52:26.000","2026-07-12T13:52:26.000","STLVEHT - TRS STOLEN VEHICLE - TELEPHONE REPORTING UNIT"
"260030599",,"2026-07-12T14:27:24.000","2026-07-12T14:27:24.000","THEFTT - TRS THEFT/LARCENY - TELEPHONE REPORTING UNIT"
"260030609",,"2026-07-12T15:23:32.000","2026-07-12T15:23:32.000","VANDALISM, DAMAGE, MISCHIEF-TRS - TELEPHONE REPORTING UNIT"
"260030612",,"2026-07-12T15:08:11.000","2026-07-12T15:08:11.000","THEFTT - TRS THEFT/LARCENY - TELEPHONE REPORTING UNIT"
"260030614",,"2026-07-12T15:33:59.000","2026-07-12T15:33:59.000","FRAUDT-TRS FRAUD / DECEPTION - TELEPHONE REPORTING UNIT"
"260030621",,"2026-07-12T16:14:23.000","2026-07-12T16:14:23.000","THEFTT - TRS THEFT/LARCENY - TELEPHONE REPORTING UNIT"
"260030632",,"2026-07-12T19:09:36.000","2026-07-12T19:09:36.000","THEFTT - TRS THEFT/LARCENY - TELEPHONE REPORTING UNIT"
"260030634",,"2026-07-12T19:13:12.000","2026-07-12T19:13:12.000","THEFTT - TRS THEFT/LARCENY - TELEPHONE REPORTING UNIT"
"260030646",,"2026-07-12T20:58:03.000","2026-07-12T20:58:03.000","THEFTT - TRS THEFT/LARCENY - TELEPHONE REPORTING UNIT"
"260030667",,"2026-07-13T06:04:04.000","2026-07-13T06:04:04.000","STLVEHT - TRS STOLEN VEHICLE - TELEPHONE REPORTING UNIT"
"260030671",,"2026-07-13T06:19:30.000","2026-07-13T06:19:30.000","THEFTT - TRS THEFT/LARCENY - TELEPHONE REPORTING UNIT"
"260030672",,"2026-07-13T07:57:33.000","2026-07-13T07:57:33.000","STLVEHT - TRS STOLEN VEHICLE - TELEPHONE REPORTING UNIT"
"260030673",,"2026-07-13T06:29:59.000","2026-07-13T06:29:59.000","VANDALISM, DAMAGE, MISCHIEF-TRS - TELEPHONE REPORTING UNIT"
"260030674",,"2026-07-13T07:37:54.000","2026-07-13T07:37:54.000","LOSTT-TRS ADMIN (DOCUMENT, LOST OR FOUND PROP, MESSAGES - TELEPHONE REPORTING UNIT"
"260030675",,"2026-07-13T08:03:38.000","2026-07-13T08:03:38.000","THEFTT - TRS THEFT/LARCENY - TELEPHONE REPORTING UNIT"
"260030679",,"2026-07-13T07:28:00.000","2026-07-13T07:28:00.000","STLVEHT - TRS STOLEN VEHICLE - TELEPHONE REPORTING UNIT"
"260030680",,"2026-07-13T08:52:39.000","2026-07-13T08:52:39.000","STLVEHT - TRS STOLEN VEHICLE - TELEPHONE REPORTING UNIT"
"260030684",,"2026-07-13T08:05:23.000","2026-07-13T08:05:23.000","THEFTT - TRS THEFT/LARCENY - TELEPHONE REPORTING UNIT"
"260030685",,"2026-07-13T08:06:07.000","2026-07-13T08:06:07.000","THEFTT - TRS THEFT/LARCENY - TELEPHONE REPORTING UNIT"
"260030687",,"2026-07-13T09:06:14.000","2026-07-13T09:06:14.000","STLVEHT - TRS STOLEN VEHICLE - TELEPHONE REPORTING UNIT"
"260030699",,"2026-07-13T10:41:20.000","2026-07-13T10:41:20.000","FRAUDT-TRS FRAUD / DECEPTION - TELEPHONE REPORTING UNIT"
"260030710",,"2026-07-13T11:27:08.000","2026-07-13T11:27:08.000","THEFTT - TRS THEFT/LARCENY - TELEPHONE REPORTING UNIT"
"260030712",,"2026-07-13T11:38:41.000","2026-07-13T11:38:41.000","THEFTT - TRS THEFT/LARCENY - TELEPHONE REPORTING UNIT"
"260030722",,"2026-07-13T11:51:41.000","2026-07-13T11:51:41.000","VANDALISM, DAMAGE, MISCHIEF-TRS - TELEPHONE REPORTING UNIT"
"260030731",,"2026-07-13T12:14:50.000","2026-07-13T12:14:50.000","LOSTT-TRS ADMIN (DOCUMENT, LOST OR FOUND PROP, MESSAGES - TELEPHONE REPORTING UNIT"
"260030733",,"2026-07-13T12:55:07.000","2026-07-13T12:55:07.000","STLVEHT - TRS STOLEN VEHICLE - TELEPHONE REPORTING UNIT"
"260030744",,"2026-07-13T12:26:00.000","2026-07-13T12:26:00.000","THEFTT - TRS THEFT/LARCENY - TELEPHONE REPORTING UNIT"
"260030748",,"2026-07-13T11:59:25.000","2026-07-13T11:59:25.000","STLVEHT - TRS STOLEN VEHICLE - TELEPHONE REPORTING UNIT"
"260030750",,"2026-07-13T14:00:09.000","2026-07-13T14:00:09.000","STLVEHT - TRS STOLEN VEHICLE - TELEPHONE REPORTING UNIT"
"260030755",,"2026-07-13T14:13:18.000","2026-07-13T14:13:18.000","THEFTT - TRS THEFT/LARCENY - TELEPHONE REPORTING UNIT"
"260030774",,"2026-07-13T14:21:25.000","2026-07-13T14:21:25.000","VANDALISM, DAMAGE, MISCHIEF-TRS - TELEPHONE REPORTING UNIT"
"260030777",,"2026-07-13T15:08:07.000","2026-07-13T15:08:07.000","LOSTT-TRS ADMIN (DOCUMENT, LOST OR FOUND PROP, MESSAGES - TELEPHONE REPORTING UNIT"
"260030779",,"2026-07-13T15:53:40.000","2026-07-13T15:53:40.000","THEFTT - TRS THEFT/LARCENY - TELEPHONE REPORTING UNIT"
"260030785",,"2026-07-13T15:28:46.000","2026-07-13T15:28:46.000","FRAUDT-TRS FRAUD / DECEPTION - TELEPHONE REPORTING UNIT"
"260030790",,"2026-07-13T18:00:25.000","2026-07-13T18:00:25.000","THEFTT - TRS THEFT/LARCENY - TELEPHONE REPORTING UNIT"
"260030802",,"2026-07-13T19:16:15.000","2026-07-13T19:16:15.000","FRAUDT-TRS FRAUD / DECEPTION - TELEPHONE REPORTING UNIT"
"260030804",,"2026-07-13T19:20:21.000","2026-07-13T19:20:21.000","THEFTT - TRS THEFT/LARCENY - TELEPHONE REPORTING UNIT"
"260030810",,"2026-07-13T17:54:59.000","2026-07-13T17:54:59.000","LOSTT-TRS ADMIN (DOCUMENT, LOST OR FOUND PROP, MESSAGES - TELEPHONE REPORTING UNIT"
"260030812",,"2026-07-13T19:43:59.000","2026-07-13T19:43:59.000","STLVEHT - TRS STOLEN VEHICLE - TELEPHONE REPORTING UNIT"
"260030823",,"2026-07-13T20:56:41.000","2026-07-13T20:56:41.000","THEFTT - TRS THEFT/LARCENY - TELEPHONE REPORTING UNIT"
"260030832",,"2026-07-13T22:00:34.000","2026-07-13T22:00:34.000","THEFTT - TRS THEFT/LARCENY - TELEPHONE REPORTING UNIT"
"260030849",,"2026-07-14T06:49:57.000","2026-07-14T06:49:57.000","STLVEHT - TRS STOLEN VEHICLE - TELEPHONE REPORTING UNIT"
"260030852",,"2026-07-14T07:31:28.000","2026-07-14T07:31:28.000","THEFTT - TRS THEFT/LARCENY - TELEPHONE REPORTING UNIT"
"260030857",,"2026-07-14T08:37:47.000","2026-07-14T08:37:47.000","THEFTT - TRS THEFT/LARCENY - TELEPHONE REPORTING UNIT"
"260030864",,"2026-07-14T09:20:07.000","2026-07-14T09:20:07.000","THEFTT - TRS THEFT/LARCENY - TELEPHONE REPORTING UNIT"
"260030870",,"2026-07-14T09:44:09.000","2026-07-14T09:44:09.000","STLVEHT - TRS STOLEN VEHICLE - TELEPHONE REPORTING UNIT"
"260030871",,"2026-07-14T10:04:06.000","2026-07-14T10:04:06.000","THEFTT - TRS THEFT/LARCENY - TELEPHONE REPORTING UNIT"
"260030880",,"2026-07-14T10:25:03.000","2026-07-14T10:25:03.000","STLVEHT - TRS STOLEN VEHICLE - TELEPHONE REPORTING UNIT"
"260030883",,"2026-07-14T11:16:26.000","2026-07-14T11:16:26.000","STLVEHT - TRS STOLEN VEHICLE - TELEPHONE REPORTING UNIT"
"260030892",,"2026-07-14T10:58:07.000","2026-07-14T10:58:07.000","THEFTT - TRS THEFT/LARCENY - TELEPHONE REPORTING UNIT"
"260030906",,"2026-07-14T12:01:28.000","2026-07-14T12:01:28.000","THEFTT - TRS THEFT/LARCENY - TELEPHONE REPORTING UNIT"
"260030912",,"2026-07-14T12:14:55.000","2026-07-14T12:14:55.000","THEFTT - TRS THEFT/LARCENY - TELEPHONE REPORTING UNIT"
"260030916",,"2026-07-14T12:48:50.000","2026-07-14T12:48:50.000","THEFTT - TRS THEFT/LARCENY - TELEPHONE REPORTING UNIT"
"260030918",,"2026-07-14T13:14:52.000","2026-07-14T13:14:52.000","FRAUDT-TRS FRAUD / DECEPTION - TELEPHONE REPORTING UNIT"
"260030928",,"2026-07-14T13:18:42.000","2026-07-14T13:18:42.000","STLVEHT - TRS STOLEN VEHICLE - TELEPHONE REPORTING UNIT"
"260030938",,"2026-07-14T14:38:57.000","2026-07-14T14:38:57.000","THEFTT - TRS THEFT/LARCENY - TELEPHONE REPORTING UNIT"
"260030962",,"2026-07-14T14:09:35.000","2026-07-14T14:09:35.000","STLVEHT - TRS STOLEN VEHICLE - TELEPHONE REPORTING UNIT"
"260030987",,"2026-07-14T19:37:30.000","2026-07-14T19:37:30.000","THEFTT - TRS THEFT/LARCENY - TELEPHONE REPORTING UNIT"
"260030990",,"2026-07-14T20:37:58.000","2026-07-14T20:37:58.000","STLVEHT - TRS STOLEN VEHICLE - TELEPHONE REPORTING UNIT"
"260030999",,"2026-07-14T19:57:04.000","2026-07-14T19:57:04.000","FRAUDT-TRS FRAUD / DECEPTION - TELEPHONE REPORTING UNIT"
"260031008",,"2026-07-14T23:16:26.000","2026-07-14T23:16:26.000","FRAUDT-TRS FRAUD / DECEPTION - TELEPHONE REPORTING UNIT"
"260031014",,"2026-07-15T01:46:24.000","2026-07-15T01:46:24.000","THEFTT - TRS THEFT/LARCENY - TELEPHONE REPORTING UNIT"
"260031018",,"2026-07-15T06:05:53.000","2026-07-15T06:05:53.000","THEFTT - TRS THEFT/LARCENY - TELEPHONE REPORTING UNIT"
"260031025",,"2026-07-15T07:28:09.000","2026-07-15T07:28:09.000","THEFTT - TRS THEFT/LARCENY - TELEPHONE REPORTING UNIT"
"260031030",,"2026-07-15T07:26:28.000","2026-07-15T07:26:28.000","THEFTT - TRS THEFT/LARCENY - TELEPHONE REPORTING UNIT"
"260031032",,"2026-07-15T08:20:21.000","2026-07-15T08:20:21.000","THEFTT - TRS THEFT/LARCENY - TELEPHONE REPORTING UNIT"
"260031041",,"2026-07-15T08:04:57.000","2026-07-15T08:04:57.000","THEFTT - TRS THEFT/LARCENY - TELEPHONE REPORTING UNIT"
"260031042",,"2026-07-15T09:27:01.000","2026-07-15T09:27:01.000","THEFTT - TRS THEFT/LARCENY - TELEPHONE REPORTING UNIT"
"260031046",,"2026-07-15T09:55:09.000","2026-07-15T09:55:09.000","THEFTT - TRS THEFT/LARCENY - TELEPHONE REPORTING UNIT"
"260031049",,"2026-07-15T09:32:07.000","2026-07-15T09:32:07.000","THEFTT - TRS THEFT/LARCENY - TELEPHONE REPORTING UNIT"
"260031053",,"2026-07-15T10:23:42.000","2026-07-15T10:23:42.000","THEFTT - TRS THEFT/LARCENY - TELEPHONE REPORTING UNIT"
"260031060",,"2026-07-15T10:19:51.000","2026-07-15T10:19:51.000","FRAUDT-TRS FRAUD / DECEPTION - TELEPHONE REPORTING UNIT"
"260031064",,"2026-07-15T10:31:42.000","2026-07-15T10:31:42.000","THEFTT - TRS THEFT/LARCENY - TELEPHONE REPORTING UNIT"
"260031066",,"2026-07-15T11:08:27.000","2026-07-15T11:08:27.000","THEFTT - TRS THEFT/LARCENY - TELEPHONE REPORTING UNIT"
"260031075",,"2026-07-15T10:44:38.000","2026-07-15T10:44:38.000","THEFTT - TRS THEFT/LARCENY - TELEPHONE REPORTING UNIT"
"260031077",,"2026-07-15T12:03:17.000","2026-07-15T12:03:17.000","THEFTT - TRS THEFT/LARCENY - TELEPHONE REPORTING UNIT"
"260031078",,"2026-07-15T10:47:30.000","2026-07-15T10:47:30.000","THEFTT - TRS THEFT/LARCENY - TELEPHONE REPORTING UNIT"
"260031085",,"2026-07-15T12:40:33.000","2026-07-15T12:40:33.000","STLVEHT - TRS STOLEN VEHICLE - TELEPHONE REPORTING UNIT"
"260031090",,"2026-07-15T12:25:32.000","2026-07-15T12:25:32.000","LOSTT-TRS ADMIN (DOCUMENT, LOST OR FOUND PROP, MESSAGES - TELEPHONE REPORTING UNIT"
"260031095",,"2026-07-15T11:47:55.000","2026-07-15T11:47:55.000","THEFTT - TRS THEFT/LARCENY - TELEPHONE REPORTING UNIT"
"260031096",,"2026-07-15T11:31:45.000","2026-07-15T11:31:45.000","THEFTT - TRS THEFT/LARCENY - TELEPHONE REPORTING UNIT"
"260031099",,"2026-07-15T13:03:16.000","2026-07-15T13:03:16.000","FRAUDT-TRS FRAUD / DECEPTION - TELEPHONE REPORTING UNIT"
"260031104",,"2026-07-15T13:03:45.000","2026-07-15T13:03:45.000","FRAUDT-TRS FRAUD / DECEPTION - TELEPHONE REPORTING UNIT"
"260031106",,"2026-07-15T13:04:00.000","2026-07-15T13:04:00.000","THEFTT - TRS THEFT/LARCENY - TELEPHONE REPORTING UNIT"
"260031111",,"2026-07-15T14:49:24.000","2026-07-15T14:49:24.000","THEFTT - TRS THEFT/LARCENY - TELEPHONE REPORTING UNIT"
"260031117",,"2026-07-15T14:15:19.000","2026-07-15T14:15:19.000","THEFTT - TRS THEFT/LARCENY - TELEPHONE REPORTING UNIT"
"260031120",,"2026-07-15T15:09:01.000","2026-07-15T15:09:01.000","LOSTT-TRS ADMIN (DOCUMENT, LOST OR FOUND PROP, MESSAGES - TELEPHONE REPORTING UNIT"
"260031121",,"2026-07-15T15:12:02.000","2026-07-15T15:12:02.000","THEFTT - TRS THEFT/LARCENY - TELEPHONE REPORTING UNIT"
"260031127",,"2026-07-15T15:54:45.000","2026-07-15T15:54:45.000","THEFTT - TRS THEFT/LARCENY - TELEPHONE REPORTING UNIT"
"260031135",,"2026-07-15T17:30:46.000","2026-07-15T17:30:46.000","STLVEHT - TRS STOLEN VEHICLE - TELEPHONE REPORTING UNIT"
"260031139",,"2026-07-15T18:14:07.000","2026-07-15T18:14:07.000","THEFTT - TRS THEFT/LARCENY - TELEPHONE REPORTING UNIT"
"260031142",,"2026-07-15T18:01:42.000","2026-07-15T18:01:42.000","THEFTT - TRS THEFT/LARCENY - TELEPHONE REPORTING UNIT"
"260031146",,"2026-07-15T17:32:24.000","2026-07-15T17:32:24.000","THEFTT - TRS THEFT/LARCENY - TELEPHONE REPORTING UNIT"
"260031152",,"2026-07-15T18:31:05.000","2026-07-15T18:31:05.000","FRAUDT-TRS FRAUD / DECEPTION - TELEPHONE REPORTING UNIT"
"260031162",,"2026-07-15T19:05:40.000","2026-07-15T19:05:40.000","THEFTT - TRS THEFT/LARCENY - TELEPHONE REPORTING UNIT"
"260031205",,"2026-07-16T05:49:58.000","2026-07-16T05:49:58.000","THEFTT - TRS THEFT/LARCENY - TELEPHONE REPORTING UNIT"
"260031208",,"2026-07-16T07:15:59.000","2026-07-16T07:15:59.000","THEFTT - TRS THEFT/LARCENY - TELEPHONE REPORTING UNIT"
"260031209",,"2026-07-16T07:01:54.000","2026-07-16T07:01:54.000","THEFTT - TRS THEFT/LARCENY - TELEPHONE REPORTING UNIT"
"260031211",,"2026-07-16T08:14:02.000","2026-07-16T08:14:02.000","THEFTT - TRS THEFT/LARCENY - TELEPHONE REPORTING UNIT"
"260031213",,"2026-07-16T08:41:55.000","2026-07-16T08:41:55.000","STLVEHT - TRS STOLEN VEHICLE - TELEPHONE REPORTING UNIT"
"260031219",,"2026-07-16T08:56:23.000","2026-07-16T08:56:23.000","STLVEHT - TRS STOLEN VEHICLE - TELEPHONE REPORTING UNIT"
"260031226",,"2026-07-16T09:00:11.000","2026-07-16T09:00:11.000","STLVEHT - TRS STOLEN VEHICLE - TELEPHONE REPORTING UNIT"
"260031229",,"2026-07-16T08:17:25.000","2026-07-16T08:17:25.000","THEFTT - TRS THEFT/LARCENY - TELEPHONE REPORTING UNIT"
"260031236",,"2026-07-16T08:42:12.000","2026-07-16T08:42:12.000","THEFTT - TRS THEFT/LARCENY - TELEPHONE REPORTING UNIT"
"260031241",,"2026-07-16T10:00:48.000","2026-07-16T10:00:48.000","THEFTT - TRS THEFT/LARCENY - TELEPHONE REPORTING UNIT"
"260031247",,"2026-07-16T10:39:27.000","2026-07-16T10:39:27.000","STLVEHT - TRS STOLEN VEHICLE - TELEPHONE REPORTING UNIT"
"260031262",,"2026-07-16T11:39:42.000","2026-07-16T11:39:42.000","THEFTT - TRS THEFT/LARCENY - TELEPHONE REPORTING UNIT"
"260031265",,"2026-07-16T10:16:06.000","2026-07-16T10:16:06.000","THEFTT - TRS THEFT/LARCENY - TELEPHONE REPORTING UNIT"
"260031275",,"2026-07-16T11:35:06.000","2026-07-16T11:35:06.000","LOSTT-TRS ADMIN (DOCUMENT, LOST OR FOUND PROP, MESSAGES - TELEPHONE REPORTING UNIT"
"260031276",,"2026-07-16T11:46:34.000","2026-07-16T11:46:34.000","VANDALISM, DAMAGE, MISCHIEF-TRS - TELEPHONE REPORTING UNIT"
"260031279",,"2026-07-16T13:35:42.000","2026-07-16T13:35:42.000","THEFTT - TRS THEFT/LARCENY - TELEPHONE REPORTING UNIT"
"260031281",,"2026-07-16T12:34:18.000","2026-07-16T12:34:18.000","THEFTT - TRS THEFT/LARCENY - TELEPHONE REPORTING UNIT"
"260031284",,"2026-07-16T13:47:57.000","2026-07-16T13:47:57.000","VANDALISM, DAMAGE, MISCHIEF-TRS - TELEPHONE REPORTING UNIT"
"260031288",,"2026-07-16T10:00:52.000","2026-07-16T10:00:52.000","VANDALISM, DAMAGE, MISCHIEF-TRS - TELEPHONE REPORTING UNIT"
"260031291",,"2026-07-16T14:11:49.000","2026-07-16T14:11:49.000","THEFTT - TRS THEFT/LARCENY - TELEPHONE REPORTING UNIT"
"260031297",,"2026-07-16T16:23:18.000","2026-07-16T16:23:18.000","STLVEHT - TRS STOLEN VEHICLE - TELEPHONE REPORTING UNIT"
"260031300",,"2026-07-16T14:41:48.000","2026-07-16T14:41:48.000","THEFTT - TRS THEFT/LARCENY - TELEPHONE REPORTING UNIT"
"260031302",,"2026-07-16T16:15:47.000","2026-07-16T16:15:47.000","LOSTT-TRS ADMIN (DOCUMENT, LOST OR FOUND PROP, MESSAGES - TELEPHONE REPORTING UNIT"
"260031303",,"2026-07-16T15:10:23.000","2026-07-16T15:10:23.000","THEFTT - TRS THEFT/LARCENY - TELEPHONE REPORTING UNIT"
"260031310",,"2026-07-16T15:50:54.000","2026-07-16T15:50:54.000","FRAUDT-TRS FRAUD / DECEPTION - TELEPHONE REPORTING UNIT"
"260031312",,"2026-07-16T17:10:12.000","2026-07-16T17:10:12.000","FRAUDT-TRS FRAUD / DECEPTION - TELEPHONE REPORTING UNIT"
"260031315",,"2026-07-16T18:02:52.000","2026-07-16T18:02:52.000","VANDALISM, DAMAGE, MISCHIEF-TRS - TELEPHONE REPORTING UNIT"
"260031317",,"2026-07-16T18:41:39.000","2026-07-16T18:41:39.000","STLVEHT - TRS STOLEN VEHICLE - TELEPHONE REPORTING UNIT"
"260031327",,"2026-07-16T19:40:14.000","2026-07-16T19:40:14.000","VANDALISM, DAMAGE, MISCHIEF-TRS - TELEPHONE REPORTING UNIT"
"260031336",,"2026-07-16T20:38:19.000","2026-07-16T20:38:19.000","THEFTT - TRS THEFT/LARCENY - TELEPHONE REPORTING UNIT"
"260031343",,"2026-07-16T21:30:41.000","2026-07-16T21:30:41.000","THEFTT - TRS THEFT/LARCENY - TELEPHONE REPORTING UNIT"
"260031351",,"2026-07-16T22:55:31.000","2026-07-16T22:55:31.000","LOSTT-TRS ADMIN (DOCUMENT, LOST OR FOUND PROP, MESSAGES - TELEPHONE REPORTING UNIT"
"260031352",,"2026-07-16T22:48:38.000","2026-07-16T22:48:38.000","THEFTT - TRS THEFT/LARCENY - TELEPHONE REPORTING UNIT"
"260031363",,"2026-07-17T02:22:03.000","2026-07-17T02:22:03.000","THEFTT - TRS THEFT/LARCENY - TELEPHONE REPORTING UNIT"
"260031365",,"2026-07-17T03:27:48.000","2026-07-17T03:27:48.000","STLVEHT - TRS STOLEN VEHICLE - TELEPHONE REPORTING UNIT"
"260031369",,"2026-07-17T04:55:03.000","2026-07-17T04:55:03.000","THEFTT - TRS THEFT/LARCENY - TELEPHONE REPORTING UNIT"
"260031375",,"2026-07-17T07:02:47.000","2026-07-17T07:02:47.000","THEFTT - TRS THEFT/LARCENY - TELEPHONE REPORTING UNIT"
"260031383",,"2026-07-17T08:08:41.000","2026-07-17T08:08:41.000","THEFTT - TRS THEFT/LARCENY - TELEPHONE REPORTING UNIT"
"260031384",,"2026-07-17T07:37:20.000","2026-07-17T07:37:20.000","LOSTT-TRS ADMIN (DOCUMENT, LOST OR FOUND PROP, MESSAGES - TELEPHONE REPORTING UNIT"
"260031389",,"2026-07-17T08:25:27.000","2026-07-17T08:25:27.000","THEFTT - TRS THEFT/LARCENY - TELEPHONE REPORTING UNIT"
"260031393",,"2026-07-17T08:45:33.000","2026-07-17T08:45:33.000","THEFTT - TRS THEFT/LARCENY - TELEPHONE REPORTING UNIT"
"260031399",,"2026-07-17T08:55:16.000","2026-07-17T08:55:16.000","THEFTT - TRS THEFT/LARCENY - TELEPHONE REPORTING UNIT"
"260031401",,"2026-07-17T09:00:23.000","2026-07-17T09:00:23.000","THEFTT - TRS THEFT/LARCENY - TELEPHONE REPORTING UNIT"
"260031409",,"2026-07-17T09:05:45.000","2026-07-17T09:05:45.000","THEFTT - TRS THEFT/LARCENY - TELEPHONE REPORTING UNIT"
"260031425",,"2026-07-17T10:14:11.000","2026-07-17T10:14:11.000","THEFTT - TRS THEFT/LARCENY - TELEPHONE REPORTING UNIT"
"260031432",,"2026-07-17T09:11:30.000","2026-07-17T09:11:30.000","THEFTT - TRS THEFT/LARCENY - TELEPHONE REPORTING UNIT"
"260031433",,"2026-07-17T12:15:03.000","2026-07-17T12:15:03.000","THEFTT - TRS THEFT/LARCENY - TELEPHONE REPORTING UNIT"
"260031448",,"2026-07-17T12:24:37.000","2026-07-17T12:24:37.000","LOSTT-TRS ADMIN (DOCUMENT, LOST OR FOUND PROP, MESSAGES - TELEPHONE REPORTING UNIT"
"260031452",,"2026-07-17T11:06:37.000","2026-07-17T11:06:37.000","THEFTT - TRS THEFT/LARCENY - TELEPHONE REPORTING UNIT"
"260031453",,"2026-07-17T11:38:35.000","2026-07-17T11:38:35.000","FRAUDT-TRS FRAUD / DECEPTION - TELEPHONE REPORTING UNIT"
"260031456",,"2026-07-17T11:25:47.000","2026-07-17T11:25:47.000","THEFTT - TRS THEFT/LARCENY - TELEPHONE REPORTING UNIT"
"260031457",,"2026-07-17T12:47:38.000","2026-07-17T12:47:38.000","VANDALISM, DAMAGE, MISCHIEF-TRS - TELEPHONE REPORTING UNIT"
"260031461",,"2026-07-17T07:25:37.000","2026-07-17T07:25:37.000","THEFTT - TRS THEFT/LARCENY - TELEPHONE REPORTING UNIT"
"260031468",,"2026-07-17T14:31:43.000","2026-07-17T14:31:43.000","FRAUDT-TRS FRAUD / DECEPTION - TELEPHONE REPORTING UNIT"
"260031472",,"2026-07-17T15:12:05.000","2026-07-17T15:12:05.000","VANDALISM, DAMAGE, MISCHIEF-TRS - TELEPHONE REPORTING UNIT"
"260031475",,"2026-07-17T12:05:12.000","2026-07-17T12:05:12.000","FRAUDT-TRS FRAUD / DECEPTION - TELEPHONE REPORTING UNIT"
"260031480",,"2026-07-17T15:45:39.000","2026-07-17T15:45:39.000","FRAUDT-TRS FRAUD / DECEPTION - TELEPHONE REPORTING UNIT"
"260031481",,"2026-07-17T16:03:06.000","2026-07-17T16:03:06.000","LOSTT-TRS ADMIN (DOCUMENT, LOST OR FOUND PROP, MESSAGES - TELEPHONE REPORTING UNIT"
"260031487",,"2026-07-17T16:02:04.000","2026-07-17T16:02:04.000","VANDALISM, DAMAGE, MISCHIEF-TRS - TELEPHONE REPORTING UNIT"
"260031489",,"2026-07-17T16:56:03.000","2026-07-17T16:56:03.000","LOSTT-TRS ADMIN (DOCUMENT, LOST OR FOUND PROP, MESSAGES - TELEPHONE REPORTING UNIT"
"260031491",,"2026-07-17T17:04:20.000","2026-07-17T17:04:20.000","VANDALISM, DAMAGE, MISCHIEF-TRS - TELEPHONE REPORTING UNIT"
"260031498",,"2026-07-17T18:26:23.000","2026-07-17T18:26:23.000","FRAUDT-TRS FRAUD / DECEPTION - TELEPHONE REPORTING UNIT"
"260031502",,"2026-07-17T17:44:07.000","2026-07-17T17:44:07.000","FRAUDT-TRS FRAUD / DECEPTION - TELEPHONE REPORTING UNIT"
"260031519",,"2026-07-17T20:31:38.000","2026-07-17T20:31:38.000","THEFTT - TRS THEFT/LARCENY - TELEPHONE REPORTING UNIT"
"260031522",,"2026-07-17T15:44:42.000","2026-07-17T15:44:42.000","LOSTT-TRS ADMIN (DOCUMENT, LOST OR FOUND PROP, MESSAGES - TELEPHONE REPORTING UNIT"
"260031523",,"2026-07-17T20:49:23.000","2026-07-17T20:49:23.000","THEFTT - TRS THEFT/LARCENY - TELEPHONE REPORTING UNIT"
"260031524",,"2026-07-17T20:45:59.000","2026-07-17T20:45:59.000","THEFTT - TRS THEFT/LARCENY - TELEPHONE REPORTING UNIT"
"260031528",,"2026-07-17T21:30:44.000","2026-07-17T21:30:44.000","THEFTT - TRS THEFT/LARCENY - TELEPHONE REPORTING UNIT"
"260031529",,"2026-07-17T21:40:28.000","2026-07-17T21:40:28.000","THEFTT - TRS THEFT/LARCENY - TELEPHONE REPORTING UNIT"
"260031532",,"2026-07-17T21:05:49.000","2026-07-17T21:05:49.000","THEFTT - TRS THEFT/LARCENY - TELEPHONE REPORTING UNIT"
"260031564",,"2026-07-18T08:04:43.000","2026-07-18T08:04:43.000","THEFTT - TRS THEFT/LARCENY - TELEPHONE REPORTING UNIT"
"260031566",,"2026-07-18T08:42:07.000","2026-07-18T08:42:07.000","STLVEHT - TRS STOLEN VEHICLE - TELEPHONE REPORTING UNIT"
"260031573",,"2026-07-18T09:56:24.000","2026-07-18T09:56:24.000","STLVEHT - TRS STOLEN VEHICLE - TELEPHONE REPORTING UNIT"
"260031581",,"2026-07-18T08:36:20.000","2026-07-18T08:36:20.000","VANDALISM, DAMAGE, MISCHIEF-TRS - TELEPHONE REPORTING UNIT"
"260031587",,"2026-07-18T10:41:39.000","2026-07-18T10:41:39.000","STLVEHT - TRS STOLEN VEHICLE - TELEPHONE REPORTING UNIT"
"260031590",,"2026-07-18T10:24:18.000","2026-07-18T10:24:18.000","LOSTT-TRS ADMIN (DOCUMENT, LOST OR FOUND PROP, MESSAGES - TELEPHONE REPORTING UNIT"
"260031603",,"2026-07-18T11:07:35.000","2026-07-18T11:07:35.000","THEFTT - TRS THEFT/LARCENY - TELEPHONE REPORTING UNIT"
"260031608",,"2026-07-18T11:35:11.000","2026-07-18T11:35:11.000","THEFTT - TRS THEFT/LARCENY - TELEPHONE REPORTING UNIT"
"260031609",,"2026-07-18T12:27:25.000","2026-07-18T12:27:25.000","THEFTT - TRS THEFT/LARCENY - TELEPHONE REPORTING UNIT"
"260031611",,"2026-07-18T14:13:32.000","2026-07-18T14:13:32.000","THEFTT - TRS THEFT/LARCENY - TELEPHONE REPORTING UNIT"
"260031615",,"2026-07-18T14:41:49.000","2026-07-18T14:41:49.000","THEFTT - TRS THEFT/LARCENY - TELEPHONE REPORTING UNIT"
"260031621",,"2026-07-18T15:35:32.000","2026-07-18T15:35:32.000","THEFTT - TRS THEFT/LARCENY - TELEPHONE REPORTING UNIT"
"260031623",,"2026-07-18T14:59:48.000","2026-07-18T14:59:48.000","THEFTT - TRS THEFT/LARCENY - TELEPHONE REPORTING UNIT"
"260031627",,"2026-07-18T17:12:41.000","2026-07-18T17:12:41.000","FRAUDT-TRS FRAUD / DECEPTION - TELEPHONE REPORTING UNIT"
"260031628",,"2026-07-18T10:32:05.000","2026-07-18T10:32:05.000","STLVEHT - TRS STOLEN VEHICLE - TELEPHONE REPORTING UNIT"
"260031637",,"2026-07-18T19:39:25.000","2026-07-18T19:39:25.000","THEFTT - TRS THEFT/LARCENY - TELEPHONE REPORTING UNIT"
"260031639",,"2026-07-18T20:18:51.000","2026-07-18T20:18:51.000","THEFTT - TRS THEFT/LARCENY - TELEPHONE REPORTING UNIT"
"260031642",,"2026-07-16T05:25:03.000","2026-07-16T05:25:03.000","STLVEHT - TRS STOLEN VEHICLE - TELEPHONE REPORTING UNIT"
"260031648",,"2026-07-18T22:00:22.000","2026-07-18T22:00:22.000","THEFTT - TRS THEFT/LARCENY - TELEPHONE REPORTING UNIT"
"260031687",,"2026-07-19T09:30:57.000","2026-07-19T09:30:57.000","THEFTT - TRS THEFT/LARCENY - TELEPHONE REPORTING UNIT"
"260031692",,"2026-07-19T10:19:12.000","2026-07-19T10:19:12.000","THEFTT - TRS THEFT/LARCENY - TELEPHONE REPORTING UNIT"
"260031703",,"2026-07-19T11:50:18.000","2026-07-19T11:50:18.000","THEFTT - TRS THEFT/LARCENY - TELEPHONE REPORTING UNIT"
"260031709",,"2026-07-19T13:52:35.000","2026-07-19T13:52:35.000","THEFTT - TRS THEFT/LARCENY - TELEPHONE REPORTING UNIT"
"260031733",,"2026-07-19T16:00:51.000","2026-07-19T16:00:51.000","THEFTT - TRS THEFT/LARCENY - TELEPHONE REPORTING UNIT"
"260031769",,"2026-07-19T22:41:56.000","2026-07-19T22:41:56.000","STLVEHT - TRS STOLEN VEHICLE - TELEPHONE REPORTING UNIT"
"260031789",,"2026-07-20T05:55:41.000","2026-07-20T05:55:41.000","THEFTT - TRS THEFT/LARCENY - TELEPHONE REPORTING UNIT"
"260031793",,"2026-07-20T06:30:36.000","2026-07-20T06:30:36.000","STLVEHT - TRS STOLEN VEHICLE - TELEPHONE REPORTING UNIT"
"260031795",,"2026-07-20T06:23:06.000","2026-07-20T06:23:06.000","THEFTT - TRS THEFT/LARCENY - TELEPHONE REPORTING UNIT"
"260031797",,"2026-07-20T06:26:28.000","2026-07-20T06:26:28.000","LOSTT-TRS ADMIN (DOCUMENT, LOST OR FOUND PROP, MESSAGES - TELEPHONE REPORTING UNIT"
"260031806",,"2026-07-20T08:21:50.000","2026-07-20T08:21:50.000","STLVEHT - TRS STOLEN VEHICLE - TELEPHONE REPORTING UNIT"
"260031808",,"2026-07-20T08:49:35.000","2026-07-20T08:49:35.000","STLVEHT - TRS STOLEN VEHICLE - TELEPHONE REPORTING UNIT"
"260031817",,"2026-07-20T09:55:32.000","2026-07-20T09:55:32.000","STLVEHT - TRS STOLEN VEHICLE - TELEPHONE REPORTING UNIT"
"260031825",,"2026-07-20T08:52:09.000","2026-07-20T08:52:09.000","STLVEHT - TRS STOLEN VEHICLE - TELEPHONE REPORTING UNIT"
"260031829",,"2026-07-20T10:02:44.000","2026-07-20T10:02:44.000","STLVEHT - TRS STOLEN VEHICLE - TELEPHONE REPORTING UNIT"
"260031831",,"2026-07-20T06:46:01.000","2026-07-20T06:46:01.000","THEFTT - TRS THEFT/LARCENY - TELEPHONE REPORTING UNIT"
"260031833",,"2026-07-20T06:52:38.000","2026-07-20T06:52:38.000","STLVEHT - TRS STOLEN VEHICLE - TELEPHONE REPORTING UNIT"
"260031836",,"2026-07-20T06:53:59.000","2026-07-20T06:53:59.000","VANDALISM, DAMAGE, MISCHIEF-TRS - TELEPHONE REPORTING UNIT"
"260031838",,"2026-07-20T07:17:02.000","2026-07-20T07:17:02.000","THEFTT - TRS THEFT/LARCENY - TELEPHONE REPORTING UNIT"
"260031840",,"2026-07-20T07:36:39.000","2026-07-20T07:36:39.000","THEFTT - TRS THEFT/LARCENY - TELEPHONE REPORTING UNIT"
"260031842",,"2026-07-20T07:37:47.000","2026-07-20T07:37:47.000","THEFTT - TRS THEFT/LARCENY - TELEPHONE REPORTING UNIT"
"260031855",,"2026-07-20T07:57:31.000","2026-07-20T07:57:31.000","THEFTT - TRS THEFT/LARCENY - TELEPHONE REPORTING UNIT"
"260031859",,"2026-07-20T10:05:19.000","2026-07-20T10:05:19.000","THEFTT - TRS THEFT/LARCENY - TELEPHONE REPORTING UNIT"
"260031861",,"2026-07-20T11:39:27.000","2026-07-20T11:39:27.000","THEFTT - TRS THEFT/LARCENY - TELEPHONE REPORTING UNIT"
"260031862",,"2026-07-20T10:13:07.000","2026-07-20T10:13:07.000","THEFTT - TRS THEFT/LARCENY - TELEPHONE REPORTING UNIT"
"260031863",,"2026-07-20T11:19:12.000","2026-07-20T11:19:12.000","THEFTT - TRS THEFT/LARCENY - TELEPHONE REPORTING UNIT"
"260031867",,"2026-07-20T11:46:55.000","2026-07-20T11:46:55.000","STLVEHT - TRS STOLEN VEHICLE - TELEPHONE REPORTING UNIT"
"260031869",,"2026-07-20T13:37:36.000","2026-07-20T13:37:36.000","THEFTT - TRS THEFT/LARCENY - TELEPHONE REPORTING UNIT"
"260031871",,"2026-07-20T12:22:04.000","2026-07-20T12:22:04.000","THEFTT - TRS THEFT/LARCENY - TELEPHONE REPORTING UNIT"
"260031874",,"2026-07-20T13:16:17.000","2026-07-20T13:16:17.000","THEFTT - TRS THEFT/LARCENY - TELEPHONE REPORTING UNIT"
"260031878",,"2026-07-20T14:36:50.000","2026-07-20T14:36:50.000","THEFTT - TRS THEFT/LARCENY - TELEPHONE REPORTING UNIT"
"260031886",,"2026-07-20T14:08:25.000","2026-07-20T14:08:25.000","THEFTT - TRS THEFT/LARCENY - TELEPHONE REPORTING UNIT"
"260031894",,"2026-07-20T15:15:14.000","2026-07-20T15:15:14.000","THEFTT - TRS THEFT/LARCENY - TELEPHONE REPORTING UNIT"
"260031896",,"2026-07-20T15:36:57.000","2026-07-20T15:36:57.000","THEFTT - TRS THEFT/LARCENY - TELEPHONE REPORTING UNIT"
"260031899",,"2026-07-20T16:00:08.000","2026-07-20T16:00:08.000","LOSTT-TRS ADMIN (DOCUMENT, LOST OR FOUND PROP, MESSAGES - TELEPHONE REPORTING UNIT"
"260031908",,"2026-07-20T17:42:50.000","2026-07-20T17:42:50.000","THEFTT - TRS THEFT/LARCENY - TELEPHONE REPORTING UNIT"
"260031911",,"2026-07-20T17:14:27.000","2026-07-20T17:14:27.000","THEFTT - TRS THEFT/LARCENY - TELEPHONE REPORTING UNIT"
"260031918",,"2026-07-20T17:50:33.000","2026-07-20T17:50:33.000","VANDALISM, DAMAGE, MISCHIEF-TRS - TELEPHONE REPORTING UNIT"
"260031926",,"2026-07-20T19:08:05.000","2026-07-20T19:08:05.000","THEFTT - TRS THEFT/LARCENY - TELEPHONE REPORTING UNIT"
"260031931",,"2026-07-20T19:52:06.000","2026-07-20T19:52:06.000","THEFTT - TRS THEFT/LARCENY - TELEPHONE REPORTING UNIT"
"260031935",,"2026-07-20T20:35:20.000","2026-07-20T20:35:20.000","THEFTT - TRS THEFT/LARCENY - TELEPHONE REPORTING UNIT"
"260031949",,"2026-07-20T23:15:27.000","2026-07-20T23:15:27.000","STLVEHT - TRS STOLEN VEHICLE - TELEPHONE REPORTING UNIT"
"260031951",,"2026-07-21T02:21:36.000","2026-07-21T02:21:36.000","THEFTT - TRS THEFT/LARCENY - TELEPHONE REPORTING UNIT"
"260031954",,"2026-07-21T04:23:36.000","2026-07-21T04:23:36.000","STLVEHT - TRS STOLEN VEHICLE - TELEPHONE REPORTING UNIT"
"260031955",,"2026-07-21T05:50:54.000","2026-07-21T05:50:54.000","STLVEHT - TRS STOLEN VEHICLE - TELEPHONE REPORTING UNIT"
"260031962",,"2026-07-21T06:17:11.000","2026-07-21T06:17:11.000","STLVEHT - TRS STOLEN VEHICLE - TELEPHONE REPORTING UNIT"
"260031965",,"2026-07-21T06:44:32.000","2026-07-21T06:44:32.000","STLVEHT - TRS STOLEN VEHICLE - TELEPHONE REPORTING UNIT"
"260031968",,"2026-07-21T08:05:35.000","2026-07-21T08:05:35.000","STLVEHT - TRS STOLEN VEHICLE - TELEPHONE REPORTING UNIT"
"260031972",,"2026-07-21T08:09:16.000","2026-07-21T08:09:16.000","STLVEHT - TRS STOLEN VEHICLE - TELEPHONE REPORTING UNIT"
"260031975",,"2026-07-21T08:01:04.000","2026-07-21T08:01:04.000","STLVEHT - TRS STOLEN VEHICLE - TELEPHONE REPORTING UNIT"
"260031976",,"2026-07-21T06:42:34.000","2026-07-21T06:42:34.000","THEFTT - TRS THEFT/LARCENY - TELEPHONE REPORTING UNIT"
"260031978",,"2026-07-21T09:17:04.000","2026-07-21T09:17:04.000","STLVEHT - TRS STOLEN VEHICLE - TELEPHONE REPORTING UNIT"
"260031988",,"2026-07-21T09:20:45.000","2026-07-21T09:20:45.000","FRAUDT-TRS FRAUD / DECEPTION - TELEPHONE REPORTING UNIT"
"260031989",,"2026-07-21T09:26:06.000","2026-07-21T09:26:06.000","THEFTT - TRS THEFT/LARCENY - TELEPHONE REPORTING UNIT"
"260031991",,"2026-07-21T09:28:57.000","2026-07-21T09:28:57.000","FRAUDT-TRS FRAUD / DECEPTION - TELEPHONE REPORTING UNIT"
"260031992",,"2026-07-21T11:31:14.000","2026-07-21T11:31:14.000","STLVEHT - TRS STOLEN VEHICLE - TELEPHONE REPORTING UNIT"
"260032000",,"2026-07-21T09:35:36.000","2026-07-21T09:35:36.000","VANDALISM, DAMAGE, MISCHIEF-TRS - TELEPHONE REPORTING UNIT"
"260032011",,"2026-07-21T12:47:47.000","2026-07-21T12:47:47.000","STLVEHT - TRS STOLEN VEHICLE - TELEPHONE REPORTING UNIT"
"260032017",,"2026-07-21T10:36:21.000","2026-07-21T10:36:21.000","THEFTT - TRS THEFT/LARCENY - TELEPHONE REPORTING UNIT"
"260032018",,"2026-07-21T10:24:30.000","2026-07-21T10:24:30.000","FRAUDT-TRS FRAUD / DECEPTION - TELEPHONE REPORTING UNIT"
"260032024",,"2026-07-21T11:37:29.000","2026-07-21T11:37:29.000","THEFTT - TRS THEFT/LARCENY - TELEPHONE REPORTING UNIT"
"260032027",,"2026-07-21T11:58:40.000","2026-07-21T11:58:40.000","THEFTT - TRS THEFT/LARCENY - TELEPHONE REPORTING UNIT"
"260032028",,"2026-07-21T11:51:16.000","2026-07-21T11:51:16.000","THEFTT - TRS THEFT/LARCENY - TELEPHONE REPORTING UNIT"
"260032030",,"2026-07-21T12:00:13.000","2026-07-21T12:00:13.000","THEFTT - TRS THEFT/LARCENY - TELEPHONE REPORTING UNIT"
"260032031",,"2026-07-21T12:26:11.000","2026-07-21T12:26:11.000","LOSTT-TRS ADMIN (DOCUMENT, LOST OR FOUND PROP, MESSAGES - TELEPHONE REPORTING UNIT"
"260032033",,"2026-07-21T13:11:23.000","2026-07-21T13:11:23.000","FRAUDT-TRS FRAUD / DECEPTION - TELEPHONE REPORTING UNIT"
"260032036",,"2026-07-21T14:36:09.000","2026-07-21T14:36:09.000","THEFTT - TRS THEFT/LARCENY - TELEPHONE REPORTING UNIT"
"260032040",,"2026-07-21T15:22:38.000","2026-07-21T15:22:38.000","THEFTT - TRS THEFT/LARCENY - TELEPHONE REPORTING UNIT"
"260032042",,"2026-07-21T15:16:28.000","2026-07-21T15:16:28.000","FRAUDT-TRS FRAUD / DECEPTION - TELEPHONE REPORTING UNIT"
"260032048",,"2026-07-21T16:13:06.000","2026-07-21T16:13:06.000","FRAUDT-TRS FRAUD / DECEPTION - TELEPHONE REPORTING UNIT"
"260032054",,"2026-07-21T16:12:44.000","2026-07-21T16:12:44.000","FRAUDT-TRS FRAUD / DECEPTION - TELEPHONE REPORTING UNIT"
"260032061",,"2026-07-21T16:35:07.000","2026-07-21T16:35:07.000","LOSTT-TRS ADMIN (DOCUMENT, LOST OR FOUND PROP, MESSAGES - TELEPHONE REPORTING UNIT"
"260032062",,"2026-07-21T16:31:53.000","2026-07-21T16:31:53.000","STLVEHT - TRS STOLEN VEHICLE - TELEPHONE REPORTING UNIT"
"260032064",,"2026-07-21T17:25:22.000","2026-07-21T17:25:22.000","THEFTT - TRS THEFT/LARCENY - TELEPHONE REPORTING UNIT"
"260032076",,"2026-07-21T17:30:25.000","2026-07-21T17:30:25.000","VANDALISM, DAMAGE, MISCHIEF-TRS - TELEPHONE REPORTING UNIT"
"260032079",,"2026-07-21T19:50:39.000","2026-07-21T19:50:39.000","LOSTT-TRS ADMIN (DOCUMENT, LOST OR FOUND PROP, MESSAGES - TELEPHONE REPORTING UNIT"
"260032101",,"2026-07-22T04:25:09.000","2026-07-22T04:25:09.000","THEFTT - TRS THEFT/LARCENY - TELEPHONE REPORTING UNIT"
"260032103",,"2026-07-22T05:26:34.000","2026-07-22T05:26:34.000","THEFTT - TRS THEFT/LARCENY - TELEPHONE REPORTING UNIT"
"260032105",,"2026-07-22T05:57:44.000","2026-07-22T05:57:44.000","THEFTT - TRS THEFT/LARCENY - TELEPHONE REPORTING UNIT"
"260032107",,"2026-07-22T07:01:21.000","2026-07-22T07:01:21.000","STLVEHT - TRS STOLEN VEHICLE - TELEPHONE REPORTING UNIT"
"260032110",,"2026-07-22T06:56:44.000","2026-07-22T06:56:44.000","STLVEHT - TRS STOLEN VEHICLE - TELEPHONE REPORTING UNIT"
"260032113",,"2026-07-22T07:22:29.000","2026-07-22T07:22:29.000","STLVEHT - TRS STOLEN VEHICLE - TELEPHONE REPORTING UNIT"
"260032116, 260032117",,"2026-07-22T07:15:02.000","2026-07-22T07:15:02.000","STLVEHT - TRS STOLEN VEHICLE - TELEPHONE REPORTING UNIT"
"260032119",,"2026-07-22T06:25:42.000","2026-07-22T06:25:42.000","THEFTT - TRS THEFT/LARCENY - TELEPHONE REPORTING UNIT"
"260032121",,"2026-07-22T07:31:17.000","2026-07-22T07:31:17.000","STLVEHT - TRS STOLEN VEHICLE - TELEPHONE REPORTING UNIT"
"260032124",,"2026-07-22T06:29:37.000","2026-07-22T06:29:37.000","THEFTT - TRS THEFT/LARCENY - TELEPHONE REPORTING UNIT"
"260032126",,"2026-07-22T07:30:43.000","2026-07-22T07:30:43.000","VANDALISM, DAMAGE, MISCHIEF-TRS - TELEPHONE REPORTING UNIT"
"260032130",,"2026-07-22T08:50:52.000","2026-07-22T08:50:52.000","THEFTT - TRS THEFT/LARCENY - TELEPHONE REPORTING UNIT"
"260032132",,"2026-07-22T09:32:33.000","2026-07-22T09:32:33.000","THEFTT - TRS THEFT/LARCENY - TELEPHONE REPORTING UNIT"
"260032136",,"2026-07-22T07:59:33.000","2026-07-22T07:59:33.000","THEFTT - TRS THEFT/LARCENY - TELEPHONE REPORTING UNIT"
"260032137",,"2026-07-22T09:23:07.000","2026-07-22T09:23:07.000","THEFTT - TRS THEFT/LARCENY - TELEPHONE REPORTING UNIT"
"260032140",,"2026-07-22T10:03:28.000","2026-07-22T10:03:28.000","VANDALISM, DAMAGE, MISCHIEF-TRS - TELEPHONE REPORTING UNIT"
"260032144",,"2026-07-22T08:18:43.000","2026-07-22T08:18:43.000","STLVEHT - TRS STOLEN VEHICLE - TELEPHONE REPORTING UNIT"
"260032145",,"2026-07-22T09:56:13.000","2026-07-22T09:56:13.000","THEFTT - TRS THEFT/LARCENY - TELEPHONE REPORTING UNIT"
"260032152",,"2026-07-22T09:36:36.000","2026-07-22T09:36:36.000","THEFTT - TRS THEFT/LARCENY - TELEPHONE REPORTING UNIT"
"260032163",,"2026-07-22T12:00:25.000","2026-07-22T12:00:25.000","THEFTT - TRS THEFT/LARCENY - TELEPHONE REPORTING UNIT"
"260032169",,"2026-07-22T12:42:17.000","2026-07-22T12:42:17.000","LOSTT-TRS ADMIN (DOCUMENT, LOST OR FOUND PROP, MESSAGES - TELEPHONE REPORTING UNIT"
"260032175",,"2026-07-22T11:24:37.000","2026-07-22T11:24:37.000","LOSTT-TRS ADMIN (DOCUMENT, LOST OR FOUND PROP, MESSAGES - TELEPHONE REPORTING UNIT"
"260032177",,"2026-07-22T10:34:31.000","2026-07-22T10:34:31.000","LOSTT-TRS ADMIN (DOCUMENT, LOST OR FOUND PROP, MESSAGES - TELEPHONE REPORTING UNIT"
"260032184",,"2026-07-22T11:47:13.000","2026-07-22T11:47:13.000","THEFTT - TRS THEFT/LARCENY - TELEPHONE REPORTING UNIT"
"260032186",,"2026-07-22T14:03:04.000","2026-07-22T14:03:04.000","THEFTT - TRS THEFT/LARCENY - TELEPHONE REPORTING UNIT"
"260032187",,"2026-07-22T13:53:05.000","2026-07-22T13:53:05.000","THEFTT - TRS THEFT/LARCENY - TELEPHONE REPORTING UNIT"
"260032189",,"2026-07-22T12:51:55.000","2026-07-22T12:51:55.000","VANDALISM, DAMAGE, MISCHIEF-TRS - TELEPHONE REPORTING UNIT"
"260032196",,"2026-07-22T14:36:59.000","2026-07-22T14:36:59.000","THEFTT - TRS THEFT/LARCENY - TELEPHONE REPORTING UNIT"
"260032209",,"2026-07-22T14:23:28.000","2026-07-22T14:23:28.000","THEFTT - TRS THEFT/LARCENY - TELEPHONE REPORTING UNIT"
"260032212",,"2026-07-22T15:40:55.000","2026-07-22T15:40:55.000","STLVEHT - TRS STOLEN VEHICLE - TELEPHONE REPORTING UNIT"
"260032239",,"2026-07-22T16:57:30.000","2026-07-22T16:57:30.000","LOSTT-TRS ADMIN (DOCUMENT, LOST OR FOUND PROP, MESSAGES - TELEPHONE REPORTING UNIT"
"260032259",,"2026-07-22T17:51:16.000","2026-07-22T17:51:16.000","THEFTT - TRS THEFT/LARCENY - TELEPHONE REPORTING UNIT"
"260032263",,"2026-07-22T18:36:07.000","2026-07-22T18:36:07.000","VANDALISM, DAMAGE, MISCHIEF-TRS - TELEPHONE REPORTING UNIT"
"260032271",,"2026-07-22T19:30:22.000","2026-07-22T19:30:22.000","STLVEHT - TRS STOLEN VEHICLE - TELEPHONE REPORTING UNIT"
"260032279",,"2026-07-22T20:13:14.000","2026-07-22T20:13:14.000","STLVEHT - TRS STOLEN VEHICLE - TELEPHONE REPORTING UNIT"
"260032282",,"2026-07-22T20:33:01.000","2026-07-22T20:33:01.000","FRAUDT-TRS FRAUD / DECEPTION - TELEPHONE REPORTING UNIT"
"260032284",,"2026-07-22T20:26:04.000","2026-07-22T20:26:04.000","THEFTT - TRS THEFT/LARCENY - TELEPHONE REPORTING UNIT"
"260032285",,"2026-07-22T20:42:47.000","2026-07-22T20:42:47.000","VANDALISM, DAMAGE, MISCHIEF-TRS - TELEPHONE REPORTING UNIT"
"260032291",,"2026-07-22T20:28:52.000","2026-07-22T20:28:52.000","THEFTT - TRS THEFT/LARCENY - TELEPHONE REPORTING UNIT"
"260032292",,"2026-07-22T20:42:12.000","2026-07-22T20:42:12.000","THEFTT - TRS THEFT/LARCENY - TELEPHONE REPORTING UNIT"
"260032297",,"2026-07-22T22:54:08.000","2026-07-22T22:54:08.000","THEFTT - TRS THEFT/LARCENY - TELEPHONE REPORTING UNIT"
"260032303",,"2026-07-23T01:43:33.000","2026-07-23T01:43:33.000","STLVEHT - TRS STOLEN VEHICLE - TELEPHONE REPORTING UNIT"
"260032307",,"2026-07-23T02:45:39.000","2026-07-23T02:45:39.000","STLVEHT - TRS STOLEN VEHICLE - TELEPHONE REPORTING UNIT"
"260032310",,"2026-07-23T04:44:42.000","2026-07-23T04:44:42.000","THEFTT - TRS THEFT/LARCENY - TELEPHONE REPORTING UNIT"
"260032312",,"2026-07-23T06:41:26.000","2026-07-23T06:41:26.000","THEFTT - TRS THEFT/LARCENY - TELEPHONE REPORTING UNIT"
"260032313",,"2026-07-23T06:46:55.000","2026-07-23T06:46:55.000","THEFTT - TRS THEFT/LARCENY - TELEPHONE REPORTING UNIT"
"260032314",,"2026-07-23T07:20:08.000","2026-07-23T07:20:08.000","STLVEHT - TRS STOLEN VEHICLE - TELEPHONE REPORTING UNIT"
"260032316",,"2026-07-23T06:58:11.000","2026-07-23T06:58:11.000","STLVEHT - TRS STOLEN VEHICLE - TELEPHONE REPORTING UNIT"
"260032321",,"2026-07-23T06:53:02.000","2026-07-23T06:53:02.000","THEFTT - TRS THEFT/LARCENY - TELEPHONE REPORTING UNIT"
"260032322",,"2026-07-23T07:03:15.000","2026-07-23T07:03:15.000","THEFTT - TRS THEFT/LARCENY - TELEPHONE REPORTING UNIT"
"260032336",,"2026-07-23T07:19:29.000","2026-07-23T07:19:29.000","VANDALISM, DAMAGE, MISCHIEF-TRS - TELEPHONE REPORTING UNIT"
"260032350",,"2026-07-23T07:31:36.000","2026-07-23T07:31:36.000","THEFTT - TRS THEFT/LARCENY - TELEPHONE REPORTING UNIT"
"260032351",,"2026-07-23T08:02:55.000","2026-07-23T08:02:55.000","THEFTT - TRS THEFT/LARCENY - TELEPHONE REPORTING UNIT"
"260032353, 260032354",,"2026-07-23T09:12:43.000","2026-07-23T09:12:43.000","THEFTT - TRS THEFT/LARCENY - TELEPHONE REPORTING UNIT"
"260032358",,"2026-07-23T07:56:17.000","2026-07-23T07:56:17.000","LOSTT-TRS ADMIN (DOCUMENT, LOST OR FOUND PROP, MESSAGES - TELEPHONE REPORTING UNIT"
"260032366",,"2026-07-23T09:00:59.000","2026-07-23T09:00:59.000","VANDALISM, DAMAGE, MISCHIEF-TRS - TELEPHONE REPORTING UNIT"
"260032368",,"2026-07-23T08:36:06.000","2026-07-23T08:36:06.000","FRAUDT-TRS FRAUD / DECEPTION - TELEPHONE REPORTING UNIT"
"260032372",,"2026-07-23T08:35:34.000","2026-07-23T08:35:34.000","VANDALISM, DAMAGE, MISCHIEF-TRS - TELEPHONE REPORTING UNIT"
"260032375",,"2026-07-23T09:24:57.000","2026-07-23T09:24:57.000","THEFTT - TRS THEFT/LARCENY - TELEPHONE REPORTING UNIT"
"260032383",,"2026-07-23T10:30:36.000","2026-07-23T10:30:36.000","THEFTT - TRS THEFT/LARCENY - TELEPHONE REPORTING UNIT"
"260032390",,"2026-07-23T10:04:09.000","2026-07-23T10:04:09.000","VANDALISM, DAMAGE, MISCHIEF-TRS - TELEPHONE REPORTING UNIT"
"260032402",,"2026-07-23T12:48:32.000","2026-07-23T12:48:32.000","STLVEHT - TRS STOLEN VEHICLE - TELEPHONE REPORTING UNIT"
"260032403",,"2026-07-23T10:04:02.000","2026-07-23T10:04:02.000","VANDALISM, DAMAGE, MISCHIEF-TRS - TELEPHONE REPORTING UNIT"
"260032405",,"2026-07-23T11:23:30.000","2026-07-23T11:23:30.000","THEFTT - TRS THEFT/LARCENY - TELEPHONE REPORTING UNIT"
"260032415",,"2026-07-23T11:59:26.000","2026-07-23T11:59:26.000","LOSTT-TRS ADMIN (DOCUMENT, LOST OR FOUND PROP, MESSAGES - TELEPHONE REPORTING UNIT"
"260032416",,"2026-07-23T14:37:34.000","2026-07-23T14:37:34.000","STLVEHT - TRS STOLEN VEHICLE - TELEPHONE REPORTING UNIT"
"260032428",,"2026-07-23T12:01:54.000","2026-07-23T12:01:54.000","THEFTT - TRS THEFT/LARCENY - TELEPHONE REPORTING UNIT"
"260032429",,"2026-07-23T11:14:30.000","2026-07-23T11:14:30.000","THEFTT - TRS THEFT/LARCENY - TELEPHONE REPORTING UNIT"
"260032430",,"2026-07-23T13:22:09.000","2026-07-23T13:22:09.000","THEFTT - TRS THEFT/LARCENY - TELEPHONE REPORTING UNIT"
"260032432",,"2026-07-23T15:00:05.000","2026-07-23T15:00:05.000","STLVEHT - TRS STOLEN VEHICLE - TELEPHONE REPORTING UNIT"
"260032433",,"2026-07-23T15:05:46.000","2026-07-23T15:05:46.000","STLVEHT - TRS STOLEN VEHICLE - TELEPHONE REPORTING UNIT"
"260032435",,"2026-07-23T13:37:41.000","2026-07-23T13:37:41.000","THEFTT - TRS THEFT/LARCENY - TELEPHONE REPORTING UNIT"
"260032446",,"2026-07-23T17:42:03.000","2026-07-23T17:42:03.000","THEFTT - TRS THEFT/LARCENY - TELEPHONE REPORTING UNIT"
"260032454",,"2026-07-23T18:23:17.000","2026-07-23T18:23:17.000","STLVEHT - TRS STOLEN VEHICLE - TELEPHONE REPORTING UNIT"
"260032460",,"2026-07-23T15:50:06.000","2026-07-23T15:50:06.000","THEFTT - TRS THEFT/LARCENY - TELEPHONE REPORTING UNIT"
"260032462",,"2026-07-23T18:46:04.000","2026-07-23T18:46:04.000","FRAUDT-TRS FRAUD / DECEPTION - TELEPHONE REPORTING UNIT"
"260032474",,"2026-07-23T22:25:18.000","2026-07-23T22:25:18.000","THEFTT - TRS THEFT/LARCENY - TELEPHONE REPORTING UNIT"
"260032475",,"2026-07-23T23:19:31.000","2026-07-23T23:19:31.000","STLVEHT - TRS STOLEN VEHICLE - TELEPHONE REPORTING UNIT"
"260032488",,"2026-07-24T05:43:17.000","2026-07-24T05:43:17.000","THEFTT - TRS THEFT/LARCENY - TELEPHONE REPORTING UNIT"
"260032492",,"2026-07-24T06:33:53.000","2026-07-24T06:33:53.000","THEFTT - TRS THEFT/LARCENY - TELEPHONE REPORTING UNIT"
"260032496",,"2026-07-24T06:54:33.000","2026-07-24T06:54:33.000","STLVEHT - TRS STOLEN VEHICLE - TELEPHONE REPORTING UNIT"
"260032499",,"2026-07-24T06:23:55.000","2026-07-24T06:23:55.000","THEFTT - TRS THEFT/LARCENY - TELEPHONE REPORTING UNIT"
"260032502",,"2026-07-24T06:41:09.000","2026-07-24T06:41:09.000","THEFTT - TRS THEFT/LARCENY - TELEPHONE REPORTING UNIT"
"260032506",,"2026-07-24T08:34:53.000","2026-07-24T08:34:53.000","STLVEHT - TRS STOLEN VEHICLE - TELEPHONE REPORTING UNIT"
"260032516",,"2026-07-24T10:14:01.000","2026-07-24T10:14:01.000","STLVEHT - TRS STOLEN VEHICLE - TELEPHONE REPORTING UNIT"
"260032522",,"2026-07-24T10:36:59.000","2026-07-24T10:36:59.000","STLVEHT - TRS STOLEN VEHICLE - TELEPHONE REPORTING UNIT"
"260032527",,"2026-07-24T10:36:21.000","2026-07-24T10:36:21.000","THEFTT - TRS THEFT/LARCENY - TELEPHONE REPORTING UNIT"
"260032536",,"2026-07-24T11:44:37.000","2026-07-24T11:44:37.000","LOSTT-TRS ADMIN (DOCUMENT, LOST OR FOUND PROP, MESSAGES - TELEPHONE REPORTING UNIT"
"260032549",,"2026-07-24T11:33:57.000","2026-07-24T11:33:57.000","THEFTT - TRS THEFT/LARCENY - TELEPHONE REPORTING UNIT"
"260032557",,"2026-07-24T08:24:13.000","2026-07-24T08:24:13.000","THEFTT - TRS THEFT/LARCENY - TELEPHONE REPORTING UNIT"
"260032562",,"2026-07-24T12:33:56.000","2026-07-24T12:33:56.000","THEFTT - TRS THEFT/LARCENY - TELEPHONE REPORTING UNIT"
"260032566",,"2026-07-24T14:16:15.000","2026-07-24T14:16:15.000","STLVEHT - TRS STOLEN VEHICLE - TELEPHONE REPORTING UNIT"
"260032572",,"2026-07-24T15:15:38.000","2026-07-24T15:15:38.000","THEFTT - TRS THEFT/LARCENY - TELEPHONE REPORTING UNIT"
"260032587",,"2026-07-24T10:18:27.000","2026-07-24T10:18:27.000","THEFTT - TRS THEFT/LARCENY - TELEPHONE REPORTING UNIT"
"260032594, 260032595, 260032596",,"2026-07-24T12:29:49.000","2026-07-24T12:29:49.000","THEFTT - TRS THEFT/LARCENY - TELEPHONE REPORTING UNIT"
"260032609",,"2026-07-24T16:14:57.000","2026-07-24T16:14:57.000","THEFTT - TRS THEFT/LARCENY - TELEPHONE REPORTING UNIT"
"260032611",,"2026-07-24T15:53:27.000","2026-07-24T15:53:27.000","FRAUDT-TRS FRAUD / DECEPTION - TELEPHONE REPORTING UNIT"
"260032616",,"2026-07-24T19:33:07.000","2026-07-24T19:33:07.000","FRAUDT-TRS FRAUD / DECEPTION - TELEPHONE REPORTING UNIT"
"260032625",,"2026-07-24T22:57:17.000","2026-07-24T22:57:17.000","THEFTT - TRS THEFT/LARCENY - TELEPHONE REPORTING UNIT"
"260032634",,"2026-07-24T23:28:08.000","2026-07-24T23:28:08.000","STLVEHT - TRS STOLEN VEHICLE - TELEPHONE REPORTING UNIT"
"260032635",,"2026-07-25T00:42:52.000","2026-07-25T00:42:52.000","THEFTT - TRS THEFT/LARCENY - TELEPHONE REPORTING UNIT"
"260032639",,"2026-07-25T02:11:21.000","2026-07-25T02:11:21.000","STLVEHT - TRS STOLEN VEHICLE - TELEPHONE REPORTING UNIT"
"260032654",,"2026-07-25T08:11:19.000","2026-07-25T08:11:19.000","VANDALISM, DAMAGE, MISCHIEF-TRS - TELEPHONE REPORTING UNIT"
"260032655",,"2026-07-25T08:23:51.000","2026-07-25T08:23:51.000","THEFTT - TRS THEFT/LARCENY - TELEPHONE REPORTING UNIT"
"260032660",,"2026-07-25T08:42:13.000","2026-07-25T08:42:13.000","THEFTT - TRS THEFT/LARCENY - TELEPHONE REPORTING UNIT"
"260032664",,"2026-07-25T09:34:20.000","2026-07-25T09:34:20.000","STLVEHT - TRS STOLEN VEHICLE - TELEPHONE REPORTING UNIT"
"260032670",,"2026-07-25T10:22:16.000","2026-07-25T10:22:16.000","STLVEHT - TRS STOLEN VEHICLE - TELEPHONE REPORTING UNIT"
"260032679",,"2026-07-25T12:11:20.000","2026-07-25T12:11:20.000","STLVEHT - TRS STOLEN VEHICLE - TELEPHONE REPORTING UNIT"
"260032693",,"2026-07-25T13:54:03.000","2026-07-25T13:54:03.000","STLVEHT - TRS STOLEN VEHICLE - TELEPHONE REPORTING UNIT"
"260032699",,"2026-07-25T11:36:38.000","2026-07-25T11:36:38.000","LOSTT-TRS ADMIN (DOCUMENT, LOST OR FOUND PROP, MESSAGES - TELEPHONE REPORTING UNIT"
"260032701",,"2026-07-25T12:49:58.000","2026-07-25T12:49:58.000","THEFTT - TRS THEFT/LARCENY - TELEPHONE REPORTING UNIT"
"260032705",,"2026-07-25T14:12:14.000","2026-07-25T14:12:14.000","THEFTT - TRS THEFT/LARCENY - TELEPHONE REPORTING UNIT"
"260032707",,"2026-07-25T14:42:38.000","2026-07-25T14:42:38.000","THEFTT - TRS THEFT/LARCENY - TELEPHONE REPORTING UNIT"
"260032713",,"2026-07-25T16:34:05.000","2026-07-25T16:34:05.000","THEFTT - TRS THEFT/LARCENY - TELEPHONE REPORTING UNIT"
"260032737",,"2026-07-25T18:56:22.000","2026-07-25T18:56:22.000","THEFTT - TRS THEFT/LARCENY - TELEPHONE REPORTING UNIT"
"260032743",,"2026-07-25T20:26:16.000","2026-07-25T20:26:16.000","THEFTT - TRS THEFT/LARCENY - TELEPHONE REPORTING UNIT"
"260032749",,"2026-07-25T21:53:37.000","2026-07-25T21:53:37.000","STLVEHT - TRS STOLEN VEHICLE - TELEPHONE REPORTING UNIT"
"260032750",,"2026-07-25T22:07:39.000","2026-07-25T22:07:39.000","THEFTT - TRS THEFT/LARCENY - TELEPHONE REPORTING UNIT"
"260032752",,"2026-07-25T22:25:45.000","2026-07-25T22:25:45.000","THEFTT - TRS THEFT/LARCENY - TELEPHONE REPORTING UNIT"
"260032782",,"2026-07-26T03:52:49.000","2026-07-26T03:52:49.000","VANDALISM, DAMAGE, MISCHIEF-TRS - TELEPHONE REPORTING UNIT"
"260032790",,"2026-07-26T07:01:05.000","2026-07-26T07:01:05.000","THEFTT - TRS THEFT/LARCENY - TELEPHONE REPORTING UNIT"
"260032792",,"2026-07-26T07:43:48.000","2026-07-26T07:43:48.000","THEFTT - TRS THEFT/LARCENY - TELEPHONE REPORTING UNIT"
"260032803",,"2026-07-26T08:51:09.000","2026-07-26T08:51:09.000","THEFTT - TRS THEFT/LARCENY - TELEPHONE REPORTING UNIT"
"260032809",,"2026-07-26T10:28:47.000","2026-07-26T10:28:47.000","THEFTT - TRS THEFT/LARCENY - TELEPHONE REPORTING UNIT"
"260032810",,"2026-07-26T11:16:43.000","2026-07-26T11:16:43.000","STLVEHT - TRS STOLEN VEHICLE - TELEPHONE REPORTING UNIT"
"260032825",,"2026-07-26T14:04:27.000","2026-07-26T14:04:27.000","THEFTT - TRS THEFT/LARCENY - TELEPHONE REPORTING UNIT"
"260032830",,"2026-07-26T14:57:09.000","2026-07-26T14:57:09.000","FRAUDT-TRS FRAUD / DECEPTION - TELEPHONE REPORTING UNIT"
"260032832",,"2026-07-26T15:16:20.000","2026-07-26T15:16:20.000","THEFTT - TRS THEFT/LARCENY - TELEPHONE REPORTING UNIT"
"260032839",,"2026-07-26T15:48:39.000","2026-07-26T15:48:39.000","THEFTT - TRS THEFT/LARCENY - TELEPHONE REPORTING UNIT"
"260032851",,"2026-07-26T16:43:32.000","2026-07-26T16:43:32.000","THEFTT - TRS THEFT/LARCENY - TELEPHONE REPORTING UNIT"
"260032853",,"2026-07-26T18:56:09.000","2026-07-26T18:56:09.000","STLVEHT - TRS STOLEN VEHICLE - TELEPHONE REPORTING UNIT"
"260032855",,"2026-07-26T18:53:50.000","2026-07-26T18:53:50.000","THEFTT - TRS THEFT/LARCENY - TELEPHONE REPORTING UNIT"
"260032874",,"2026-07-26T22:23:44.000","2026-07-26T22:23:44.000","THEFTT - TRS THEFT/LARCENY - TELEPHONE REPORTING UNIT"
"260032884",,"2026-07-27T04:55:54.000","2026-07-27T04:55:54.000","THEFTT - TRS THEFT/LARCENY - TELEPHONE REPORTING UNIT"
"260032890",,"2026-07-27T07:32:26.000","2026-07-27T07:32:26.000","STLVEHT - TRS STOLEN VEHICLE - TELEPHONE REPORTING UNIT"
"260032891",,"2026-07-27T06:03:29.000","2026-07-27T06:03:29.000","STLVEHT - TRS STOLEN VEHICLE - TELEPHONE REPORTING UNIT"
"260032892",,"2026-07-27T07:53:27.000","2026-07-27T07:53:27.000","STLVEHT - TRS STOLEN VEHICLE - TELEPHONE REPORTING UNIT"
"260032897",,"2026-07-27T07:10:24.000","2026-07-27T07:10:24.000","THEFTT - TRS THEFT/LARCENY - TELEPHONE REPORTING UNIT"
"260032900",,"2026-07-27T07:40:28.000","2026-07-27T07:40:28.000","THEFTT - TRS THEFT/LARCENY - TELEPHONE REPORTING UNIT"
"260032902",,"2026-07-27T07:17:55.000","2026-07-27T07:17:55.000","THEFTT - TRS THEFT/LARCENY - TELEPHONE REPORTING UNIT"
"260032904",,"2026-07-27T08:26:43.000","2026-07-27T08:26:43.000","LOSTT-TRS ADMIN (DOCUMENT, LOST OR FOUND PROP, MESSAGES - TELEPHONE REPORTING UNIT"
"260032908",,"2026-07-27T09:23:45.000","2026-07-27T09:23:45.000","VANDALISM, DAMAGE, MISCHIEF-TRS - TELEPHONE REPORTING UNIT"
"260032910",,"2026-07-27T10:09:32.000","2026-07-27T10:09:32.000","STLVEHT - TRS STOLEN VEHICLE - TELEPHONE REPORTING UNIT"
"260032912",,"2026-07-27T09:32:58.000","2026-07-27T09:32:58.000","LOSTT-TRS ADMIN (DOCUMENT, LOST OR FOUND PROP, MESSAGES - TELEPHONE REPORTING UNIT"
"260032916",,"2026-07-27T10:18:59.000","2026-07-27T10:18:59.000","FRAUDT-TRS FRAUD / DECEPTION - TELEPHONE REPORTING UNIT"
"260032921",,"2026-07-27T10:31:13.000","2026-07-27T10:31:13.000","THEFTT - TRS THEFT/LARCENY - TELEPHONE REPORTING UNIT"
"260032922",,"2026-07-27T10:41:57.000","2026-07-27T10:41:57.000","THEFTT - TRS THEFT/LARCENY - TELEPHONE REPORTING UNIT"
"260032923",,"2026-07-27T10:35:20.000","2026-07-27T10:35:20.000","FRAUDT-TRS FRAUD / DECEPTION - TELEPHONE REPORTING UNIT"
"260032926",,"2026-07-27T10:50:35.000","2026-07-27T10:50:35.000","THEFTT - TRS THEFT/LARCENY - TELEPHONE REPORTING UNIT"
"260032933",,"2026-07-27T12:17:15.000","2026-07-27T12:17:15.000","FRAUDT-TRS FRAUD / DECEPTION - TELEPHONE REPORTING UNIT"
"260032939",,"2026-07-27T13:00:54.000","2026-07-27T13:00:54.000","THEFTT - TRS THEFT/LARCENY - TELEPHONE REPORTING UNIT"
"260032947",,"2026-07-27T12:43:09.000","2026-07-27T12:43:09.000","FRAUDT-TRS FRAUD / DECEPTION - TELEPHONE REPORTING UNIT"
"260032949",,"2026-07-27T13:08:56.000","2026-07-27T13:08:56.000","THEFTT - TRS THEFT/LARCENY - TELEPHONE REPORTING UNIT"
"260032953",,"2026-07-27T14:04:45.000","2026-07-27T14:04:45.000","THEFTT - TRS THEFT/LARCENY - TELEPHONE REPORTING UNIT"
"260032954",,"2026-07-27T13:22:25.000","2026-07-27T13:22:25.000","LOSTT-TRS ADMIN (DOCUMENT, LOST OR FOUND PROP, MESSAGES - TELEPHONE REPORTING UNIT"
"260032956",,"2026-07-27T13:33:20.000","2026-07-27T13:33:20.000","FRAUDT-TRS FRAUD / DECEPTION - TELEPHONE REPORTING UNIT"
"260032965",,"2026-07-27T15:19:10.000","2026-07-27T15:19:10.000","THEFTT - TRS THEFT/LARCENY - TELEPHONE REPORTING UNIT"
"260032971",,"2026-07-27T16:01:32.000","2026-07-27T16:01:32.000","THEFTT - TRS THEFT/LARCENY - TELEPHONE REPORTING UNIT"
"260032985",,"2026-07-27T17:12:22.000","2026-07-27T17:12:22.000","LOSTT-TRS ADMIN (DOCUMENT, LOST OR FOUND PROP, MESSAGES - TELEPHONE REPORTING UNIT"
"260032987",,"2026-07-27T17:31:01.000","2026-07-27T17:31:01.000","VANDALISM, DAMAGE, MISCHIEF-TRS - TELEPHONE REPORTING UNIT"
"260033001",,"2026-07-27T19:43:03.000","2026-07-27T19:43:03.000","FRAUDT-TRS FRAUD / DECEPTION - TELEPHONE REPORTING UNIT"
"260033031",,"2026-07-28T07:08:50.000","2026-07-28T07:08:50.000","STLVEHT - TRS STOLEN VEHICLE - TELEPHONE REPORTING UNIT"
"260033032",,"2026-07-28T07:48:04.000","2026-07-28T07:48:04.000","THEFTT - TRS THEFT/LARCENY - TELEPHONE REPORTING UNIT"
"260033037",,"2026-07-28T08:46:34.000","2026-07-28T08:46:34.000","THEFTT - TRS THEFT/LARCENY - TELEPHONE REPORTING UNIT"
"260033043",,"2026-07-28T09:05:18.000","2026-07-28T09:05:18.000","THEFTT - TRS THEFT/LARCENY - TELEPHONE REPORTING UNIT"
"260033048",,"2026-07-28T09:40:26.000","2026-07-28T09:40:26.000","FRAUDT-TRS FRAUD / DECEPTION - TELEPHONE REPORTING UNIT"
"260033053",,"2026-07-28T10:19:48.000","2026-07-28T10:19:48.000","THEFTT - TRS THEFT/LARCENY - TELEPHONE REPORTING UNIT"
"260033059",,"2026-07-28T10:45:28.000","2026-07-28T10:45:28.000","THEFTT - TRS THEFT/LARCENY - TELEPHONE REPORTING UNIT"
"260033070",,"2026-07-28T12:19:51.000","2026-07-28T12:19:51.000","LOSTT-TRS ADMIN (DOCUMENT, LOST OR FOUND PROP, MESSAGES - TELEPHONE REPORTING UNIT"
"260033090",,"2026-07-28T13:57:46.000","2026-07-28T13:57:46.000","FRAUDT-TRS FRAUD / DECEPTION - TELEPHONE REPORTING UNIT"
"260033096",,"2026-07-28T14:36:02.000","2026-07-28T14:36:02.000","FRAUDT-TRS FRAUD / DECEPTION - TELEPHONE REPORTING UNIT"
"260033101",,"2026-07-28T15:02:03.000","2026-07-28T15:02:03.000","THEFTT - TRS THEFT/LARCENY - TELEPHONE REPORTING UNIT"
"260033106",,"2026-07-28T15:59:05.000","2026-07-28T15:59:05.000","LOSTT-TRS ADMIN (DOCUMENT, LOST OR FOUND PROP, MESSAGES - TELEPHONE REPORTING UNIT"
"260033109",,"2026-07-28T16:07:31.000","2026-07-28T16:07:31.000","THEFTT - TRS THEFT/LARCENY - TELEPHONE REPORTING UNIT"
"260033113",,"2026-07-28T16:14:33.000","2026-07-28T16:14:33.000","THEFTT - TRS THEFT/LARCENY - TELEPHONE REPORTING UNIT"
"260033125",,"2026-07-28T17:11:10.000","2026-07-28T17:11:10.000","THEFTT - TRS THEFT/LARCENY - TELEPHONE REPORTING UNIT"
"260033129",,"2026-07-28T17:22:54.000","2026-07-28T17:22:54.000","FRAUDT-TRS FRAUD / DECEPTION - TELEPHONE REPORTING UNIT"
"260033132",,"2026-07-28T18:41:47.000","2026-07-28T18:41:47.000","STLVEHT - TRS STOLEN VEHICLE - TELEPHONE REPORTING UNIT"
"260033146",,"2026-07-28T20:40:04.000","2026-07-28T20:40:04.000","FRAUDT-TRS FRAUD / DECEPTION - TELEPHONE REPORTING UNIT"
"260033148",,"2026-07-28T21:40:14.000","2026-07-28T21:40:14.000","THEFTT - TRS THEFT/LARCENY - TELEPHONE REPORTING UNIT"
"260033162",,"2026-07-29T00:07:55.000","2026-07-29T00:07:55.000","THEFTT - TRS THEFT/LARCENY - TELEPHONE REPORTING UNIT"
"260033171",,"2026-07-29T03:26:07.000","2026-07-29T03:26:07.000","STLVEHT - TRS STOLEN VEHICLE - TELEPHONE REPORTING UNIT"
"260033173",,"2026-07-29T04:41:16.000","2026-07-29T04:41:16.000","STLVEHT - TRS STOLEN VEHICLE - TELEPHONE REPORTING UNIT"
"260033177",,"2026-07-29T06:00:02.000","2026-07-29T06:00:02.000","STLVEHT - TRS STOLEN VEHICLE - TELEPHONE REPORTING UNIT"
"260033181",,"2026-07-29T07:23:01.000","2026-07-29T07:23:01.000","STLVEHT - TRS STOLEN VEHICLE - TELEPHONE REPORTING UNIT"
"260033186",,"2026-07-29T07:44:12.000","2026-07-29T07:44:12.000","STLVEHT - TRS STOLEN VEHICLE - TELEPHONE REPORTING UNIT"
"260033192",,"2026-07-29T06:07:17.000","2026-07-29T06:07:17.000","THEFTT - TRS THEFT/LARCENY - TELEPHONE REPORTING UNIT"
"260033196",,"2026-07-29T10:23:48.000","2026-07-29T10:23:48.000","STLVEHT - TRS STOLEN VEHICLE - TELEPHONE REPORTING UNIT"
"260033207",,"2026-07-29T09:26:07.000","2026-07-29T09:26:07.000","THEFTT - TRS THEFT/LARCENY - TELEPHONE REPORTING UNIT"
"260033209",,"2026-07-29T11:14:14.000","2026-07-29T11:14:14.000","LOSTT-TRS ADMIN (DOCUMENT, LOST OR FOUND PROP, MESSAGES - TELEPHONE REPORTING UNIT"
"260033220",,"2026-07-29T10:35:57.000","2026-07-29T10:35:57.000","FRAUDT-TRS FRAUD / DECEPTION - TELEPHONE REPORTING UNIT"
"260033233",,"2026-07-29T14:53:12.000","2026-07-29T14:53:12.000","THEFTT - TRS THEFT/LARCENY - TELEPHONE REPORTING UNIT"
"260033234",,"2026-07-29T15:24:57.000","2026-07-29T15:24:57.000","LOSTT-TRS ADMIN (DOCUMENT, LOST OR FOUND PROP, MESSAGES - TELEPHONE REPORTING UNIT"
"260033249",,"2026-07-29T15:31:40.000","2026-07-29T15:31:40.000","VANDALISM, DAMAGE, MISCHIEF-TRS - TELEPHONE REPORTING UNIT"
"260033257",,"2026-07-29T15:28:25.000","2026-07-29T15:28:25.000","FRAUDT-TRS FRAUD / DECEPTION - TELEPHONE REPORTING UNIT"
"260033272",,"2026-07-29T17:03:17.000","2026-07-29T17:03:17.000","THEFTT - TRS THEFT/LARCENY - TELEPHONE REPORTING UNIT"
"260033273",,"2026-07-29T17:14:16.000","2026-07-29T17:14:16.000","FRAUDT-TRS FRAUD / DECEPTION - TELEPHONE REPORTING UNIT"
"260033282",,"2026-07-29T19:48:12.000","2026-07-29T19:48:12.000","VANDALISM, DAMAGE, MISCHIEF-TRS - TELEPHONE REPORTING UNIT"
"260033283",,"2026-07-29T17:26:33.000","2026-07-29T17:26:33.000","STLVEHT - TRS STOLEN VEHICLE - TELEPHONE REPORTING UNIT"
"260033304",,"2026-07-30T01:16:19.000","2026-07-30T01:16:19.000","STLVEHT - TRS STOLEN VEHICLE - TELEPHONE REPORTING UNIT"
"260033308",,"2026-07-30T04:41:21.000","2026-07-30T04:41:21.000","THEFTT - TRS THEFT/LARCENY - TELEPHONE REPORTING UNIT"
"260033309",,"2026-07-30T05:13:16.000","2026-07-30T05:13:16.000","STLVEHT - TRS STOLEN VEHICLE - TELEPHONE REPORTING UNIT"
"260033316",,"2026-07-30T06:38:14.000","2026-07-30T06:38:14.000","STLVEHT - TRS STOLEN VEHICLE - TELEPHONE REPORTING UNIT"
"260033319",,"2026-07-30T07:10:12.000","2026-07-30T07:10:12.000","THEFTT - TRS THEFT/LARCENY - TELEPHONE REPORTING UNIT"
"260033323",,"2026-07-30T07:20:55.000","2026-07-30T07:20:55.000","THEFTT - TRS THEFT/LARCENY - TELEPHONE REPORTING UNIT"
"260033324",,"2026-07-30T07:18:24.000","2026-07-30T07:18:24.000","THEFTT - TRS THEFT/LARCENY - TELEPHONE REPORTING UNIT"
"260033325",,"2026-07-30T07:17:16.000","2026-07-30T07:17:16.000","THEFTT - TRS THEFT/LARCENY - TELEPHONE REPORTING UNIT"
"260033329",,"2026-07-30T08:48:27.000","2026-07-30T08:48:27.000","STLVEHT - TRS STOLEN VEHICLE - TELEPHONE REPORTING UNIT"
"260033332",,"2026-07-30T07:30:52.000","2026-07-30T07:30:52.000","THEFTT - TRS THEFT/LARCENY - TELEPHONE REPORTING UNIT"
"260033334",,"2026-07-30T08:18:23.000","2026-07-30T08:18:23.000","THEFTT - TRS THEFT/LARCENY - TELEPHONE REPORTING UNIT"
"260033335",,"2026-07-30T08:05:24.000","2026-07-30T08:05:24.000","THEFTT - TRS THEFT/LARCENY - TELEPHONE REPORTING UNIT"
"260033351",,"2026-07-30T08:09:42.000","2026-07-30T08:09:42.000","THEFTT - TRS THEFT/LARCENY - TELEPHONE REPORTING UNIT"
"260033359",,"2026-07-30T08:43:04.000","2026-07-30T08:43:04.000","THEFTT - TRS THEFT/LARCENY - TELEPHONE REPORTING UNIT"
"260033361",,"2026-07-30T08:49:04.000","2026-07-30T08:49:04.000","THEFTT - TRS THEFT/LARCENY - TELEPHONE REPORTING UNIT"
"260033362",,"2026-07-30T08:51:54.000","2026-07-30T08:51:54.000","THEFTT - TRS THEFT/LARCENY - TELEPHONE REPORTING UNIT"
"260033365",,"2026-07-30T11:02:47.000","2026-07-30T11:02:47.000","STLVEHT - TRS STOLEN VEHICLE - TELEPHONE REPORTING UNIT"
"260033368",,"2026-07-30T09:54:30.000","2026-07-30T09:54:30.000","THEFTT - TRS THEFT/LARCENY - TELEPHONE REPORTING UNIT"
"260033369",,"2026-07-30T10:16:24.000","2026-07-30T10:16:24.000","THEFTT - TRS THEFT/LARCENY - TELEPHONE REPORTING UNIT"
"260033374",,"2026-07-30T11:09:17.000","2026-07-30T11:09:17.000","THEFTT - TRS THEFT/LARCENY - TELEPHONE REPORTING UNIT"
"260033375",,"2026-07-30T11:23:05.000","2026-07-30T11:23:05.000","THEFTT - TRS THEFT/LARCENY - TELEPHONE REPORTING UNIT"
"260033377",,"2026-07-30T10:14:16.000","2026-07-30T10:14:16.000","THEFTT - TRS THEFT/LARCENY - TELEPHONE REPORTING UNIT"
"260033386",,"2026-07-30T12:13:14.000","2026-07-30T12:13:14.000","THEFTT - TRS THEFT/LARCENY - TELEPHONE REPORTING UNIT"
"260033387",,"2026-07-30T11:32:17.000","2026-07-30T11:32:17.000","FRAUDT-TRS FRAUD / DECEPTION - TELEPHONE REPORTING UNIT"
"260033388",,"2026-07-30T13:01:09.000","2026-07-30T13:01:09.000","LOSTT-TRS ADMIN (DOCUMENT, LOST OR FOUND PROP, MESSAGES - TELEPHONE REPORTING UNIT"
"260033390",,"2026-07-30T13:46:51.000","2026-07-30T13:46:51.000","THEFTT - TRS THEFT/LARCENY - TELEPHONE REPORTING UNIT"
"260033391",,"2026-07-30T14:15:22.000","2026-07-30T14:15:22.000","STLVEHT - TRS STOLEN VEHICLE - TELEPHONE REPORTING UNIT"
"260033399",,"2026-07-30T15:23:01.000","2026-07-30T15:23:01.000","VANDALISM, DAMAGE, MISCHIEF-TRS - TELEPHONE REPORTING UNIT"
"260033402",,"2026-07-30T13:18:32.000","2026-07-30T13:18:32.000","THEFTT - TRS THEFT/LARCENY - TELEPHONE REPORTING UNIT"
"260033406",,"2026-07-30T15:37:53.000","2026-07-30T15:37:53.000","FRAUDT-TRS FRAUD / DECEPTION - TELEPHONE REPORTING UNIT"
"260033415",,"2026-07-30T15:58:17.000","2026-07-30T15:58:17.000","FRAUDT-TRS FRAUD / DECEPTION - TELEPHONE REPORTING UNIT"
"260033422",,"2026-07-30T16:56:37.000","2026-07-30T16:56:37.000","VANDALISM, DAMAGE, MISCHIEF-TRS - TELEPHONE REPORTING UNIT"
"260033427",,"2026-07-30T17:29:51.000","2026-07-30T17:29:51.000","VANDALISM, DAMAGE, MISCHIEF-TRS - TELEPHONE REPORTING UNIT"
"260033445",,"2026-07-30T18:37:13.000","2026-07-30T18:37:13.000","LOSTT-TRS ADMIN (DOCUMENT, LOST OR FOUND PROP, MESSAGES - TELEPHONE REPORTING UNIT"
"260033452",,"2026-07-30T20:02:43.000","2026-07-30T20:02:43.000","THEFTT - TRS THEFT/LARCENY - TELEPHONE REPORTING UNIT"
"260033461",,"2026-07-30T21:44:24.000","2026-07-30T21:44:24.000","THEFTT - TRS THEFT/LARCENY - TELEPHONE REPORTING UNIT"
"260033479",,"2026-07-31T04:27:43.000","2026-07-31T04:27:43.000","THEFTT - TRS THEFT/LARCENY - TELEPHONE REPORTING UNIT"
"260033483",,"2026-07-31T06:01:42.000","2026-07-31T06:01:42.000","STLVEHT - TRS STOLEN VEHICLE - TELEPHONE REPORTING UNIT"
"260033486",,"2026-07-31T06:21:22.000","2026-07-31T06:21:22.000","STLVEHT - TRS STOLEN VEHICLE - TELEPHONE REPORTING UNIT"
"260033488",,"2026-07-31T06:54:30.000","2026-07-31T06:54:30.000","THEFTT - TRS THEFT/LARCENY - TELEPHONE REPORTING UNIT"
"260033490",,"2026-07-31T07:28:00.000","2026-07-31T07:28:00.000","THEFTT - TRS THEFT/LARCENY - TELEPHONE REPORTING UNIT"
"260033492",,"2026-07-31T08:15:10.000","2026-07-31T08:15:10.000","STLVEHT - TRS STOLEN VEHICLE - TELEPHONE REPORTING UNIT"
"260033498",,"2026-07-31T08:41:37.000","2026-07-31T08:41:37.000","THEFTT - TRS THEFT/LARCENY - TELEPHONE REPORTING UNIT"
"260033502",,"2026-07-31T09:30:40.000","2026-07-31T09:30:40.000","VANDALISM, DAMAGE, MISCHIEF-TRS - TELEPHONE REPORTING UNIT"
"260033503",,"2026-07-31T09:33:23.000","2026-07-31T09:33:23.000","THEFTT - TRS THEFT/LARCENY - TELEPHONE REPORTING UNIT"
"260033508",,"2026-07-31T09:36:19.000","2026-07-31T09:36:19.000","FRAUDT-TRS FRAUD / DECEPTION - TELEPHONE REPORTING UNIT"
"260033511",,"2026-07-31T09:40:05.000","2026-07-31T09:40:05.000","THEFTT - TRS THEFT/LARCENY - TELEPHONE REPORTING UNIT"
"260033522",,"2026-07-31T11:51:01.000","2026-07-31T11:51:01.000","LOSTT-TRS ADMIN (DOCUMENT, LOST OR FOUND PROP, MESSAGES - TELEPHONE REPORTING UNIT"
"260033523",,"2026-07-31T11:43:14.000","2026-07-31T11:43:14.000","FRAUDT-TRS FRAUD / DECEPTION - TELEPHONE REPORTING UNIT"
"260033535",,"2026-07-31T12:58:16.000","2026-07-31T12:58:16.000","THEFTT - TRS THEFT/LARCENY - TELEPHONE REPORTING UNIT"
"260033537",,"2026-07-31T12:04:53.000","2026-07-31T12:04:53.000","THEFTT - TRS THEFT/LARCENY - TELEPHONE REPORTING UNIT"
"260033539",,"2026-07-31T12:24:46.000","2026-07-31T12:24:46.000","LOSTT-TRS ADMIN (DOCUMENT, LOST OR FOUND PROP, MESSAGES - TELEPHONE REPORTING UNIT"
"260033547",,"2026-07-31T14:53:32.000","2026-07-31T14:53:32.000","LOSTT-TRS ADMIN (DOCUMENT, LOST OR FOUND PROP, MESSAGES - TELEPHONE REPORTING UNIT"
"260033553",,"2026-07-31T13:23:24.000","2026-07-31T13:23:24.000","THEFTT - TRS THEFT/LARCENY - TELEPHONE REPORTING UNIT"
"260033563",,"2026-07-31T14:03:30.000","2026-07-31T14:03:30.000","THEFTT - TRS THEFT/LARCENY - TELEPHONE REPORTING UNIT"
"260033589",,"2026-07-31T18:29:37.000","2026-07-31T18:29:37.000","STLVEHT - TRS STOLEN VEHICLE - TELEPHONE REPORTING UNIT"
"260033590",,"2026-07-31T13:36:14.000","2026-07-31T13:36:14.000","THEFTT - TRS THEFT/LARCENY - TELEPHONE REPORTING UNIT"
"260033592",,"2026-07-31T15:16:46.000","2026-07-31T15:16:46.000","THEFTT - TRS THEFT/LARCENY - TELEPHONE REPORTING UNIT"
"260033599",,"2026-07-31T15:54:09.000","2026-07-31T15:54:09.000","FRAUDT-TRS FRAUD / DECEPTION - TELEPHONE REPORTING UNIT"
"260033600",,"2026-07-31T18:15:10.000","2026-07-31T18:15:10.000","LOSTT-TRS ADMIN (DOCUMENT, LOST OR FOUND PROP, MESSAGES - TELEPHONE REPORTING UNIT"
"260033603",,"2026-07-31T20:50:47.000","2026-07-31T20:50:47.000","VANDALISM, DAMAGE, MISCHIEF-TRS - TELEPHONE REPORTING UNIT"
