scope_type,scope_value,quarter,start,end_exclusive,days,total_cfs,tru_calls,patrol_estimate_calls,tru_calls_per_day,patrol_estimate_calls_per_day,event_reports_total,tru_event_reports,patrol_estimate_event_reports,tru_share_of_total_calls,tru_share_of_event_reports,tru_event_report_conversion,patrol_estimate_event_report_conversion,tru_calls_without_event_report,tru_calls_without_event_report_share,tru_timing_valid_count,tru_timing_coverage_share,tru_average_seconds,tru_median_seconds,tru_p90_seconds,tru_over_1_hour_share,tru_over_2_hours_share,tru_over_3_hours_share,tru_over_4_hours_share,remained_tru,routed_into_tru,routed_away_from_tru
Countywide,Countywide,2024 Q3,2024-07-01,2024-10-01,92,52684,4293,48391,46.66304347826087,525.9891304347826,9973,2579,7394,8.148584010325715,25.85982151809887,60.07453994875378,15.279700770804489,1714,39.92546005124621,4278,99.65059399021663,8719.601449275362,6379.5,17695.500000000015,77.98036465638148,43.05750350631136,25.081813931743806,15.381019167835436,4219,74,237
Countywide,Countywide,2024 Q4,2024-10-01,2025-01-01,92,51683,4064,47619,44.17391304347826,517.5978260869565,9805,2549,7256,7.863320627672541,25.99694033656298,62.72145669291339,15.237615237615238,1515,37.278543307086615,4055,99.77854330708661,6821.201479654747,4857,13631.2,67.52157829839705,28.853267570900123,14.845869297163993,9.124537607891492,4013,51,194
Countywide,Countywide,2025 Q1,2025-01-01,2025-04-01,90,46322,3575,42747,39.72222222222222,474.96666666666664,9094,2368,6726,7.717715124562844,26.03914669012536,66.23776223776224,15.734437504386273,1207,33.76223776223776,3567,99.77622377622377,5822.489486963836,4065,10370.800000000001,58.424446313428646,21.138211382113823,9.335576114381833,6.111578357162882,3535,40,175
Countywide,Countywide,2025 Q2,2025-04-01,2025-07-01,91,50737,3740,46997,41.0989010989011,516.4505494505495,9632,2372,7260,7.371346354731262,24.62624584717608,63.422459893048135,15.447794540077025,1368,36.57754010695187,3731,99.75935828877004,5337.844813722862,4140,10044,57.97373358348968,20.611096220852318,8.46957920128652,4.181184668989547,3688,52,202
Countywide,Countywide,2025 Q3,2025-07-01,2025-10-01,92,50586,3642,46944,39.58695652173913,510.2608695652174,9305,2161,7144,7.199620448345392,23.22407307898979,59.335529928610654,15.21813224267212,1481,40.664470071389346,3633,99.7528830313015,6318.638865951005,4830,11918.600000000008,67.60253234241674,26.25928984310487,12.056151940545003,6.5235342691990095,3596,46,205
Countywide,Countywide,2025 Q4,2025-10-01,2026-01-01,92,48144,3261,44883,35.44565217391305,487.85869565217394,8779,1927,6852,6.773429710867397,21.9501082127805,59.092302974547685,15.266359200588195,1334,40.907697025452315,3253,99.75467647960748,7292.591761450968,5830,13952.000000000004,74.70027666769136,38.30310482631417,19.335997540731633,8.914847832769752,3215,46,184
Countywide,Countywide,2026 Q1,2026-01-01,2026-04-01,90,45495,3570,41925,39.666666666666664,465.8333333333333,8558,2141,6417,7.847016155621497,25.017527459686846,59.97198879551821,15.305903398926654,1429,40.02801120448179,3556,99.6078431372549,8684.080989876265,6503,18078.5,79.24634420697413,44.65691788526434,26.546681664791898,16.90101237345332,3511,59,166
Countywide,Countywide,2026 Q2,2026-04-01,2026-07-01,91,51532,4109,47423,45.15384615384615,521.1318681318681,9491,2424,7067,7.973686253201893,25.539985249183438,58.99245558530056,14.902051747042574,1685,41.007544414699446,4095,99.65928449744463,7030.41391941392,5503,14105.999999999998,71.4041514041514,35.50671550671551,18.60805860805861,9.27960927960928,4046,63,259
District,1D,2024 Q3,2024-07-01,2024-10-01,92,8537,490,8047,5.326086956521739,87.46739130434783,1458,291,1167,5.739721213541057,19.958847736625515,59.38775510204082,14.502298993413696,199,40.61224489795918,489,99.79591836734694,8762.286298568508,6670,18050.6,77.50511247443764,45.194274028629856,24.948875255623722,16.155419222903884,480,10,26
District,1D,2024 Q4,2024-10-01,2025-01-01,92,8420,421,7999,4.576086956521739,86.94565217391305,1419,252,1167,5,17.758985200845668,59.857482185273156,14.589323665458181,169,40.142517814726844,418,99.2874109263658,6526.375598086124,4593.5,13158.200000000003,65.55023923444976,27.033492822966508,14.114832535885165,8.133971291866029,415,6,21
District,1D,2025 Q1,2025-01-01,2025-04-01,90,7911,380,7531,4.222222222222222,83.67777777777778,1276,246,1030,4.803438250537226,19.278996865203762,64.73684210526316,13.676802549462222,134,35.26315789473684,378,99.47368421052632,5999.9047619047615,3842.5,10640.3,55.82010582010582,20.37037037037037,9.523809523809524,7.671957671957672,372,8,18
District,1D,2025 Q2,2025-04-01,2025-07-01,91,8761,430,8331,4.725274725274725,91.54945054945055,1438,254,1184,4.908115511927862,17.663421418636997,59.06976744186046,14.211979354219181,176,40.93023255813954,430,100,5309.297674418604,4002,10198.900000000001,56.27906976744186,20,9.30232558139535,4.883720930232558,423,7,26
District,1D,2025 Q3,2025-07-01,2025-10-01,92,8850,429,8421,4.663043478260869,91.53260869565217,1363,251,1112,4.847457627118644,18.415260454878943,58.5081585081585,13.205082531765825,178,41.49184149184149,427,99.53379953379954,5815.060889929742,4514,10731.800000000001,64.63700234192038,21.311475409836063,9.836065573770492,4.449648711943794,421,8,31
District,1D,2025 Q4,2025-10-01,2026-01-01,92,8210,458,7752,4.978260869565218,84.26086956521739,1340,250,1090,5.5785627283800245,18.65671641791045,54.58515283842795,14.060887512899898,208,45.414847161572055,455,99.34497816593887,7178.0241758241755,5829,13844.2,71.64835164835165,38.46153846153847,18.24175824175824,9.010989010989011,453,5,32
District,1D,2026 Q1,2026-01-01,2026-04-01,90,7855,448,7407,4.977777777777778,82.3,1357,254,1103,5.7033736473583705,18.717759764185704,56.69642857142857,14.89131902254624,194,43.30357142857143,445,99.33035714285714,8488.316853932583,6477,17799.4,78.20224719101122,43.146067415730336,24.719101123595504,15.056179775280897,444,4,24
District,1D,2026 Q2,2026-04-01,2026-07-01,91,8932,476,8456,5.230769230769231,92.92307692307692,1436,270,1166,5.329153605015674,18.802228412256266,56.72268907563025,13.78902554399243,206,43.27731092436975,475,99.78991596638656,7309.056842105263,6159,14044.200000000004,72.21052631578947,40,20.42105263157895,9.473684210526317,470,6,22
District,2D,2024 Q3,2024-07-01,2024-10-01,92,7794,724,7070,7.869565217391305,76.84782608695652,1625,405,1220,9.289196818065177,24.923076923076923,55.93922651933701,17.256011315417254,319,44.06077348066299,721,99.58563535911603,9327.760055478502,6529,18663,79.8890429958391,44.24410540915395,27.045769764216367,18.030513176144243,704,20,43
District,2D,2024 Q4,2024-10-01,2025-01-01,92,7946,691,7255,7.510869565217392,78.8586956521739,1624,434,1190,8.696199345582684,26.72413793103448,62.80752532561505,16.40248104755341,257,37.192474674384954,690,99.85528219971056,6632.307246376811,4955.5,12912.500000000007,66.08695652173913,30.434782608695656,14.492753623188406,8.115942028985506,677,14,33
District,2D,2025 Q1,2025-01-01,2025-04-01,90,7244,755,6489,8.38888888888889,72.1,1690,492,1198,10.422418553285477,29.11242603550296,65.16556291390728,18.462012636769916,263,34.83443708609272,753,99.73509933774835,6278.082337317397,4241,11132.800000000014,60.55776892430279,24.03718459495352,10.49136786188579,7.03851261620186,748,7,40
District,2D,2025 Q2,2025-04-01,2025-07-01,91,7843,669,7174,7.351648351648351,78.83516483516483,1620,426,1194,8.529899273237282,26.296296296296294,63.67713004484305,16.643434625034846,243,36.32286995515695,666,99.55156950672645,5107.250750750751,4024,9916,56.30630630630631,18.91891891891892,7.5075075075075075,2.7027027027027026,654,15,34
District,2D,2025 Q3,2025-07-01,2025-10-01,92,7893,745,7148,8.097826086956522,77.69565217391305,1621,441,1180,9.438743190168504,27.20542874768661,59.19463087248322,16.508114157806382,304,40.80536912751678,743,99.73154362416108,6658.960969044415,4907,12636.000000000005,68.23687752355316,28.398384925975773,13.458950201884253,7.133243606998654,737,8,40
District,2D,2025 Q4,2025-10-01,2026-01-01,92,7764,618,7146,6.717391304347826,77.67391304347827,1600,364,1236,7.959814528593509,22.75,58.89967637540453,17.296389588581025,254,41.10032362459547,618,100,7074.571197411004,5643.5,13561,73.7864077669903,38.349514563106794,18.446601941747574,8.414239482200648,605,13,25
District,2D,2026 Q1,2026-01-01,2026-04-01,90,7359,644,6715,7.155555555555556,74.61111111111111,1484,368,1116,8.751189020247315,24.797843665768195,57.14285714285714,16.61950856291884,276,42.857142857142854,639,99.22360248447205,8819.840375586855,6819,17628.400000000005,81.69014084507043,47.104851330203445,26.604068857589986,16.431924882629108,635,9,32
District,2D,2026 Q2,2026-04-01,2026-07-01,91,7826,719,7107,7.9010989010989015,78.0989010989011,1592,412,1180,9.187324303603374,25.879396984924625,57.301808066759385,16.603348811031378,307,42.698191933240615,714,99.30458970792768,6894.137254901961,5458,13444.500000000004,71.84873949579831,35.57422969187675,18.34733893557423,8.683473389355742,713,6,62
District,3D,2024 Q3,2024-07-01,2024-10-01,92,11011,1030,9981,11.195652173913043,108.48913043478261,2113,651,1462,9.354282081554809,30.809275911026972,63.20388349514563,14.64783087866947,379,36.79611650485437,1027,99.70873786407766,8188.335929892892,6197,16882.399999999998,76.72833495618305,41.38266796494644,23.076923076923077,13.534566699123662,1014,16,60
District,3D,2024 Q4,2024-10-01,2025-01-01,92,11029,1088,9941,11.826086956521738,108.05434782608695,2187,698,1489,9.864901622993925,31.91586648376772,64.15441176470588,14.978372397143144,390,35.845588235294116,1085,99.72426470588235,6566.182488479262,4688,12866.200000000003,66.82027649769586,25.622119815668203,12.718894009216589,8.018433179723502,1074,14,50
District,3D,2025 Q1,2025-01-01,2025-04-01,90,9648,907,8741,10.077777777777778,97.12222222222222,2022,637,1385,9.400912106135987,31.503461918892185,70.23153252480706,15.844869008122641,270,29.768467475192946,906,99.88974641675854,5589.951434878587,3997,10047,57.505518763796914,21.08167770419426,8.719646799116997,5.077262693156733,901,6,35
District,3D,2025 Q2,2025-04-01,2025-07-01,91,10074,886,9188,9.736263736263735,100.96703296703296,2078,592,1486,8.794917609688307,28.488931665062562,66.81715575620768,16.173269481932955,294,33.182844243792324,883,99.66139954853274,5336.340883352208,4182,9954.4,57.304643261608156,20.724801812004532,7.701019252548131,4.077010192525481,874,12,48
District,3D,2025 Q3,2025-07-01,2025-10-01,92,10053,904,9149,9.826086956521738,99.44565217391305,2013,536,1477,8.99234059484731,26.626924987580725,59.29203539823009,16.143840856924253,368,40.707964601769916,903,99.88938053097345,6365.029900332226,4771,12122.800000000005,66.88815060908084,26.688815060908084,12.4031007751938,6.755260243632337,893,11,41
District,3D,2025 Q4,2025-10-01,2026-01-01,92,9315,772,8543,8.391304347826088,92.8586956521739,1818,476,1342,8.287707997852925,26.182618261826185,61.6580310880829,15.708767411916188,296,38.34196891191709,771,99.87046632124353,7092.278858625162,5603,13956,73.41115434500648,36.31647211413748,18.028534370946822,8.300907911802852,761,11,43
District,3D,2026 Q1,2026-01-01,2026-04-01,90,8774,914,7860,10.155555555555555,87.33333333333333,1754,573,1181,10.417141554593117,32.668187001140254,62.691466083150985,15.025445292620866,341,37.308533916849015,912,99.78118161925602,8799.992324561403,6626,18402.499999999996,81.25,45.50438596491228,26.864035087719294,17.87280701754386,902,12,40
District,3D,2026 Q2,2026-04-01,2026-07-01,91,10225,1087,9138,11.945054945054945,100.41758241758242,2042,679,1363,10.63080684596577,33.25171400587659,62.4655013799448,14.915736485007661,408,37.534498620055196,1085,99.81600735970562,6922.682949308756,5452,13659.400000000001,72.44239631336406,35.76036866359447,17.880184331797235,7.834101382488479,1067,20,54
District,4D,2024 Q3,2024-07-01,2024-10-01,92,10485,953,9532,10.358695652173912,103.6086956521739,1936,587,1349,9.089175011921794,30.320247933884296,61.59496327387198,14.152328997062527,366,38.40503672612802,950,99.68520461699894,9076.90947368421,6380,18132.600000000002,80.42105263157895,44,26.210526315789473,16.63157894736842,944,9,50
District,4D,2024 Q4,2024-10-01,2025-01-01,92,9968,871,9097,9.467391304347826,98.8804347826087,1976,560,1416,8.737961476725522,28.34008097165992,64.2939150401837,15.565571067384854,311,35.7060849598163,871,100,6936.5086107921925,5032,13704,68.77152698048221,30.19517795637199,15.614236509758896,9.414466130884042,864,7,47
District,4D,2025 Q1,2025-01-01,2025-04-01,90,8627,680,7947,7.555555555555555,88.3,1632,447,1185,7.882230207488118,27.389705882352942,65.73529411764706,14.911287278218197,233,34.26470588235294,678,99.70588235294117,5951.445427728613,4248.5,10037.500000000004,61.2094395280236,21.68141592920354,9.29203539823009,6.047197640117994,673,7,36
District,4D,2025 Q2,2025-04-01,2025-07-01,91,9242,695,8547,7.637362637362638,93.92307692307692,1603,417,1186,7.520017312270072,26.01372426699938,60,13.876213876213878,278,40,694,99.85611510791367,5265.769452449567,4117,10228.900000000001,57.49279538904899,21.613832853025936,8.93371757925072,3.602305475504323,690,5,42
District,4D,2025 Q3,2025-07-01,2025-10-01,92,9431,628,8803,6.826086956521739,95.68478260869566,1650,371,1279,6.658890891740006,22.484848484848484,59.076433121019114,14.529137793933886,257,40.92356687898089,627,99.84076433121018,6343.328548644338,4980,12491.2,70.33492822966507,25.039872408293462,13.397129186602871,7.974481658692185,620,8,49
District,4D,2025 Q4,2025-10-01,2026-01-01,92,8861,556,8305,6.043478260869565,90.27173913043478,1512,334,1178,6.2746868299289025,22.08994708994709,60.07194244604317,14.184226369656832,222,39.92805755395683,555,99.82014388489209,7295.8216216216215,6181,13237.400000000005,76.57657657657657,38.91891891891892,19.45945945945946,8.82882882882883,546,10,40
District,4D,2026 Q1,2026-01-01,2026-04-01,90,8435,682,7753,7.5777777777777775,86.14444444444445,1537,413,1124,8.085358624777712,26.87052700065062,60.55718475073314,14.497613826905715,269,39.44281524926686,680,99.70674486803519,9124.719117647059,6567.5,18763.500000000004,79.70588235294119,45.588235294117645,28.97058823529412,18.676470588235293,669,13,35
District,4D,2026 Q2,2026-04-01,2026-07-01,91,9393,753,8640,8.274725274725276,94.94505494505495,1689,439,1250,8.016608112424144,25.991711071640022,58.300132802124836,14.467592592592593,314,41.699867197875164,751,99.734395750332,7081.424766977363,5220,15316,69.90679094540613,33.68841544607191,18.908122503328894,11.18508655126498,745,8,39
District,5D,2024 Q3,2024-07-01,2024-10-01,92,6190,378,5812,4.108695652173913,63.17391304347826,1227,209,1018,6.106623586429725,17.033414832925835,55.29100529100529,17.515485203028216,169,44.70899470899471,377,99.73544973544973,8600.228116710876,6371,18214.800000000014,74.80106100795756,41.90981432360743,23.076923076923077,14.588859416445624,368,10,19
District,5D,2024 Q4,2024-10-01,2025-01-01,92,5967,370,5597,4.021739130434782,60.83695652173913,1116,215,901,6.2007709066532595,19.265232974910393,58.108108108108105,16.097909594425587,155,41.891891891891895,368,99.45945945945947,7618.788043478261,5140,15222.500000000011,69.56521739130434,31.521739130434785,17.934782608695652,11.141304347826086,364,6,16
District,5D,2025 Q1,2025-01-01,2025-04-01,90,5524,350,5174,3.888888888888889,57.48888888888889,1121,218,903,6.335988414192614,19.44692239072257,62.28571428571429,17.452647854657904,132,37.714285714285715,349,99.71428571428571,5891.845272206304,4036,12515.599999999997,55.587392550143264,20.057306590257877,13.18051575931232,7.4498567335243555,347,3,13
District,5D,2025 Q2,2025-04-01,2025-07-01,91,6312,436,5876,4.791208791208791,64.57142857142857,1328,291,1037,6.907477820025348,21.912650602409638,66.74311926605505,17.64805990469707,145,33.25688073394495,436,100,5657.133027522936,4095,11171,60.77981651376147,22.93577981651376,10.77981651376147,6.422018348623854,430,6,23
District,5D,2025 Q3,2025-07-01,2025-10-01,92,6174,412,5762,4.478260869565218,62.630434782608695,1275,248,1027,6.673145448655653,19.450980392156865,60.19417475728155,17.82367233599445,164,39.80582524271845,411,99.75728155339806,6515.362530413625,4817,11503,67.39659367396594,28.710462287104622,12.165450121654501,6.81265206812652,406,6,15
District,5D,2025 Q4,2025-10-01,2026-01-01,92,5931,381,5550,4.141304347826087,60.32608695652174,1161,229,932,6.423874557410217,19.724375538329024,60.10498687664042,16.792792792792792,152,39.89501312335958,378,99.21259842519686,7860.0952380952385,6131,14801.9,78.83597883597884,41.53439153439153,23.015873015873016,10.846560846560847,379,2,23
District,5D,2026 Q1,2026-01-01,2026-04-01,90,5647,350,5297,3.888888888888889,58.855555555555554,1120,197,923,6.197981228971136,17.589285714285715,56.285714285714285,17.4249575231263,153,43.714285714285715,348,99.42857142857143,8435.603448275862,6419,17681.5,76.14942528735632,44.54022988505747,24.42528735632184,16.379310344827587,341,9,15
District,5D,2026 Q2,2026-04-01,2026-07-01,91,6397,408,5989,4.483516483516484,65.81318681318682,1272,238,1034,6.377989682663748,18.71069182389937,58.333333333333336,17.26498580731341,170,41.66666666666667,408,100,7187.953431372549,5718.5,14345.7,73.77450980392157,36.27450980392157,18.872549019607842,9.558823529411764,401,7,35
District,6D,2024 Q3,2024-07-01,2024-10-01,92,8664,717,7947,7.793478260869565,86.3804347826087,1613,436,1177,8.27562326869806,27.030378177309363,60.80892608089261,14.810620359884233,281,39.191073919107396,713,99.442119944212,8413.608695652174,6281,17110.2,76.57784011220197,42.07573632538569,25.52594670406732,13.464235624123422,708,9,39
District,6D,2024 Q4,2024-10-01,2025-01-01,92,8350,623,7727,6.771739130434782,83.98913043478261,1483,390,1093,7.461077844311377,26.298044504383007,62.60032102728732,14.145205124886761,233,37.39967897271268,623,100,7040.0224719101125,4882,16168.00000000001,68.69983948635634,30.497592295345104,16.53290529695024,11.235955056179774,619,4,27
District,6D,2025 Q1,2025-01-01,2025-04-01,90,7365,503,6862,5.588888888888889,76.24444444444444,1353,328,1025,6.829599456890699,24.242424242424242,65.20874751491054,14.93733605362868,175,34.791252485089466,503,100,5204.035785288271,4002,8813.000000000002,57.057654075546715,17.495029821073558,5.964214711729622,4.572564612326044,494,9,33
District,6D,2025 Q2,2025-04-01,2025-07-01,91,8502,622,7880,6.835164835164835,86.5934065934066,1565,392,1173,7.315925664549518,25.047923322683708,63.022508038585215,14.885786802030458,230,36.97749196141479,620,99.67845659163987,5454.935483870968,4295,9610.300000000001,60.322580645161295,19.67741935483871,7.903225806451612,4.516129032258064,615,7,29
District,6D,2025 Q3,2025-07-01,2025-10-01,92,8182,524,7658,5.695652173913044,83.23913043478261,1382,314,1068,6.404302126619409,22.720694645441387,59.92366412213741,13.94620005223296,210,40.0763358778626,522,99.61832061068702,5981.365900383142,4923.5,10412.600000000002,67.24137931034483,26.053639846743295,9.578544061302683,4.980842911877394,519,5,29
District,6D,2025 Q4,2025-10-01,2026-01-01,92,8062,475,7587,5.163043478260869,82.46739130434783,1348,274,1074,5.891838253535103,20.326409495548962,57.684210526315795,14.155792803479637,201,42.31578947368421,475,100,7561.88,5875,13672.800000000003,75.36842105263158,38.10526315789474,20.63157894736842,9.05263157894737,470,5,21
District,6D,2026 Q1,2026-01-01,2026-04-01,90,7420,531,6889,5.9,76.54444444444445,1304,335,969,7.15633423180593,25.690184049079758,63.088512241054616,14.06590216286834,196,36.91148775894539,531,100,8069.047080979284,5929,17556,75.14124293785311,40.30131826741996,25.6120527306968,15.254237288135593,519,12,20
District,6D,2026 Q2,2026-04-01,2026-07-01,91,8759,666,8093,7.318681318681318,88.93406593406593,1460,386,1074,7.603607717776002,26.438356164383563,57.95795795795796,13.27072778944767,280,42.04204204204204,662,99.3993993993994,6999.067975830816,5436,14334.1,68.8821752265861,33.383685800604226,18.27794561933535,9.818731117824774,650,16,47
District,OOC,2024 Q3,2024-07-01,2024-10-01,92,2,1,1,0.010869565217391304,0.010869565217391304,1,0,1,50,0,0,100,1,100,1,100,18708,18708,18708,100,100,100,100,1,0,0
District,OOC,2024 Q4,2024-10-01,2025-01-01,92,3,0,3,0,0.03260869565217391,0,0,0,0,0,0,0,0,0,0,0,,,,0,0,0,0,0,0,0
District,OOC,2025 Q1,2025-01-01,2025-04-01,90,3,0,3,0,0.03333333333333333,0,0,0,0,0,0,0,0,0,0,0,,,,0,0,0,0,0,0,0
District,OOC,2025 Q2,2025-04-01,2025-07-01,91,3,2,1,0.02197802197802198,0.01098901098901099,0,0,0,66.66666666666666,0,0,0,2,100,2,100,8034.5,8034.5,8169.3,100,100,0,0,2,0,0
District,OOC,2025 Q3,2025-07-01,2025-10-01,92,3,0,3,0,0.03260869565217391,1,0,1,0,0,0,33.33333333333333,0,0,0,0,,,,0,0,0,0,0,0,0
District,OOC,2025 Q4,2025-10-01,2026-01-01,92,1,1,0,0.010869565217391304,0,0,0,0,100,0,0,0,1,100,1,100,4378,4378,4378,100,0,0,0,1,0,0
District,OOC,2026 Q1,2026-01-01,2026-04-01,90,5,1,4,0.011111111111111112,0.044444444444444446,2,1,1,20,50,100,25,0,0,1,100,16757,16757,16757,100,100,100,100,1,0,0
District,OOC,2026 Q2,2026-04-01,2026-07-01,91,0,0,0,0,0,0,0,0,0,0,0,0,0,0,0,0,,,,0,0,0,0,0,0,0
District,PCW,2024 Q3,2024-07-01,2024-10-01,92,1,0,1,0,0.010869565217391304,0,0,0,0,0,0,0,0,0,0,0,,,,0,0,0,0,0,0,0
District,PCW,2024 Q4,2024-10-01,2025-01-01,92,0,0,0,0,0,0,0,0,0,0,0,0,0,0,0,0,,,,0,0,0,0,0,0,0
District,PCW,2025 Q1,2025-01-01,2025-04-01,90,0,0,0,0,0,0,0,0,0,0,0,0,0,0,0,0,,,,0,0,0,0,0,0,0
District,PCW,2025 Q2,2025-04-01,2025-07-01,91,0,0,0,0,0,0,0,0,0,0,0,0,0,0,0,0,,,,0,0,0,0,0,0,0
District,PCW,2025 Q3,2025-07-01,2025-10-01,92,0,0,0,0,0,0,0,0,0,0,0,0,0,0,0,0,,,,0,0,0,0,0,0,0
District,PCW,2025 Q4,2025-10-01,2026-01-01,92,0,0,0,0,0,0,0,0,0,0,0,0,0,0,0,0,,,,0,0,0,0,0,0,0
District,PCW,2026 Q1,2026-01-01,2026-04-01,90,0,0,0,0,0,0,0,0,0,0,0,0,0,0,0,0,,,,0,0,0,0,0,0,0
District,PCW,2026 Q2,2026-04-01,2026-07-01,91,0,0,0,0,0,0,0,0,0,0,0,0,0,0,0,0,,,,0,0,0,0,0,0,0
